month,month_end_date,symbol,adjusted_close,total_return_index,source,benchmark_symbol,benchmark_month_end_date,benchmark_adjusted_close,benchmark_total_return_index
2019-01,2019-01-31,BIL,75.6235,100.1859,yahoo_chart_public,VTI,2019-01-31,123.6996,108.4553
2019-01,2019-01-31,BND,64.2546,100.9071,yahoo_chart_public,VTI,2019-01-31,123.6996,108.4553
2019-01,2019-01-31,DBC,13.2916,106.8135,yahoo_chart_public,VTI,2019-01-31,123.6996,108.4553
2019-01,2019-01-31,EWJ,46.3033,106.3480,yahoo_chart_public,VTI,2019-01-31,123.6996,108.4553
2019-01,2019-01-31,GLD,124.7500,102.8188,yahoo_chart_public,VTI,2019-01-31,123.6996,108.4553
2019-01,2019-01-31,IEF,87.8202,100.4406,yahoo_chart_public,VTI,2019-01-31,123.6996,108.4553
2019-01,2019-01-31,VEA,31.8819,107.6113,yahoo_chart_public,VTI,2019-01-31,123.6996,108.4553
2019-01,2019-01-31,VNQ,62.9302,114.3385,yahoo_chart_public,VTI,2019-01-31,123.6996,108.4553
2019-01,2019-01-31,VTI,123.6996,108.4553,yahoo_chart_public,VTI,2019-01-31,123.6996,108.4553
2019-01,2019-01-31,VWO,33.5892,109.1716,yahoo_chart_public,VTI,2019-01-31,123.6996,108.4553
2019-02,2019-02-28,BIL,75.7632,100.3711,yahoo_chart_public,VTI,2019-02-28,128.1019,112.3150
2019-02,2019-02-28,BND,64.1967,100.8162,yahoo_chart_public,VTI,2019-02-28,128.1019,112.3150
2019-02,2019-02-28,DBC,13.6684,109.8417,yahoo_chart_public,VTI,2019-02-28,128.1019,112.3150
2019-02,2019-02-28,EWJ,46.3716,106.5047,yahoo_chart_public,VTI,2019-02-28,128.1019,112.3150
2019-02,2019-02-28,GLD,123.9900,102.1924,yahoo_chart_public,VTI,2019-02-28,128.1019,112.3150
2019-02,2019-02-28,IEF,87.3587,99.9127,yahoo_chart_public,VTI,2019-02-28,128.1019,112.3150
2019-02,2019-02-28,VEA,32.6256,110.1215,yahoo_chart_public,VTI,2019-02-28,128.1019,112.3150
2019-02,2019-02-28,VNQ,63.3678,115.1336,yahoo_chart_public,VTI,2019-02-28,128.1019,112.3150
2019-02,2019-02-28,VTI,128.1019,112.3150,yahoo_chart_public,VTI,2019-02-28,128.1019,112.3150
2019-02,2019-02-28,VWO,33.4606,108.7536,yahoo_chart_public,VTI,2019-02-28,128.1019,112.3150
2019-03,2019-03-29,BIL,75.8958,100.5467,yahoo_chart_public,VTI,2019-03-29,129.9167,113.9062
2019-03,2019-03-29,BND,65.4413,102.7708,yahoo_chart_public,VTI,2019-03-29,129.9167,113.9062
2019-03,2019-03-29,DBC,13.6171,109.4288,yahoo_chart_public,VTI,2019-03-29,129.9167,113.9062
2019-03,2019-03-29,EWJ,46.6787,107.2100,yahoo_chart_public,VTI,2019-03-29,129.9167,113.9062
2019-03,2019-03-29,GLD,122.0100,100.5605,yahoo_chart_public,VTI,2019-03-29,129.9167,113.9062
2019-03,2019-03-29,IEF,89.6782,102.5655,yahoo_chart_public,VTI,2019-03-29,129.9167,113.9062
2019-03,2019-03-29,VEA,32.8219,110.7840,yahoo_chart_public,VTI,2019-03-29,129.9167,113.9062
2019-03,2019-03-29,VNQ,66.0396,119.9882,yahoo_chart_public,VTI,2019-03-29,129.9167,113.9062
2019-03,2019-03-29,VTI,129.9167,113.9062,yahoo_chart_public,VTI,2019-03-29,129.9167,113.9062
2019-03,2019-03-29,VWO,34.2351,111.2710,yahoo_chart_public,VTI,2019-03-29,129.9167,113.9062
2019-04,2019-04-30,BIL,76.0419,100.7403,yahoo_chart_public,VTI,2019-04-30,135.0160,118.3771
2019-04,2019-04-30,BND,65.4252,102.7454,yahoo_chart_public,VTI,2019-04-30,135.0160,118.3771
2019-04,2019-04-30,DBC,13.7798,110.7364,yahoo_chart_public,VTI,2019-04-30,135.0160,118.3771
2019-04,2019-04-30,EWJ,47.2758,108.5815,yahoo_chart_public,VTI,2019-04-30,135.0160,118.3771
2019-04,2019-04-30,GLD,121.2000,99.8929,yahoo_chart_public,VTI,2019-04-30,135.0160,118.3771
2019-04,2019-04-30,IEF,89.2132,102.0337,yahoo_chart_public,VTI,2019-04-30,135.0160,118.3771
2019-04,2019-04-30,VEA,33.7535,113.9284,yahoo_chart_public,VTI,2019-04-30,135.0160,118.3771
2019-04,2019-04-30,VNQ,65.9333,119.7949,yahoo_chart_public,VTI,2019-04-30,135.0160,118.3771
2019-04,2019-04-30,VTI,135.0160,118.3771,yahoo_chart_public,VTI,2019-04-30,135.0160,118.3771
2019-04,2019-04-30,VWO,34.9682,113.6536,yahoo_chart_public,VTI,2019-04-30,135.0160,118.3771
2019-05,2019-05-31,BIL,76.2032,100.9540,yahoo_chart_public,VTI,2019-05-31,126.3076,110.7419
2019-05,2019-05-31,BND,66.6200,104.6218,yahoo_chart_public,VTI,2019-05-31,126.3076,110.7419
2019-05,2019-05-31,DBC,12.9576,104.1294,yahoo_chart_public,VTI,2019-05-31,126.3076,110.7419
2019-05,2019-05-31,EWJ,44.9726,103.2915,yahoo_chart_public,VTI,2019-05-31,126.3076,110.7419
2019-05,2019-05-31,GLD,123.3300,101.6484,yahoo_chart_public,VTI,2019-05-31,126.3076,110.7419
2019-05,2019-05-31,IEF,91.9329,105.1443,yahoo_chart_public,VTI,2019-05-31,126.3076,110.7419
2019-05,2019-05-31,VEA,31.9947,107.9921,yahoo_chart_public,VTI,2019-05-31,126.3076,110.7419
2019-05,2019-05-31,VNQ,66.0244,119.9605,yahoo_chart_public,VTI,2019-05-31,126.3076,110.7419
2019-05,2019-05-31,VTI,126.3076,110.7419,yahoo_chart_public,VTI,2019-05-31,126.3076,110.7419
2019-05,2019-05-31,VWO,32.7369,106.4013,yahoo_chart_public,VTI,2019-05-31,126.3076,110.7419
2019-06,2019-06-28,BIL,76.3416,101.1373,yahoo_chart_public,VTI,2019-06-28,135.2478,118.5804
2019-06,2019-06-28,BND,67.4507,105.9263,yahoo_chart_public,VTI,2019-06-28,135.2478,118.5804
2019-06,2019-06-28,DBC,13.4715,108.2588,yahoo_chart_public,VTI,2019-06-28,135.2478,118.5804
2019-06,2019-06-28,EWJ,46.9830,107.9089,yahoo_chart_public,VTI,2019-06-28,135.2478,118.5804
2019-06,2019-06-28,GLD,133.2000,109.7832,yahoo_chart_public,VTI,2019-06-28,135.2478,118.5804
2019-06,2019-06-28,IEF,93.0519,106.4240,yahoo_chart_public,VTI,2019-06-28,135.2478,118.5804
2019-06,2019-06-28,VEA,33.8694,114.3197,yahoo_chart_public,VTI,2019-06-28,135.2478,118.5804
2019-06,2019-06-28,VNQ,67.0506,121.8251,yahoo_chart_public,VTI,2019-06-28,135.2478,118.5804
2019-06,2019-06-28,VTI,135.2478,118.5804,yahoo_chart_public,VTI,2019-06-28,135.2478,118.5804
2019-06,2019-06-28,VWO,34.4954,112.1171,yahoo_chart_public,VTI,2019-06-28,135.2478,118.5804
2019-07,2019-07-31,BIL,76.4793,101.3198,yahoo_chart_public,VTI,2019-07-31,137.1582,120.2553
2019-07,2019-07-31,BND,67.5516,106.0848,yahoo_chart_public,VTI,2019-07-31,137.1582,120.2553
2019-07,2019-07-31,DBC,13.3173,107.0199,yahoo_chart_public,VTI,2019-07-31,137.1582,120.2553
2019-07,2019-07-31,EWJ,46.7850,107.4542,yahoo_chart_public,VTI,2019-07-31,137.1582,120.2553
2019-07,2019-07-31,GLD,133.2100,109.7915,yahoo_chart_public,VTI,2019-07-31,137.1582,120.2553
2019-07,2019-07-31,IEF,93.0875,106.4647,yahoo_chart_public,VTI,2019-07-31,137.1582,120.2553
2019-07,2019-07-31,VEA,33.1792,111.9900,yahoo_chart_public,VTI,2019-07-31,137.1582,120.2553
2019-07,2019-07-31,VNQ,68.1937,123.9020,yahoo_chart_public,VTI,2019-07-31,137.1582,120.2553
2019-07,2019-07-31,VTI,137.1582,120.2553,yahoo_chart_public,VTI,2019-07-31,137.1582,120.2553
2019-07,2019-07-31,VWO,33.8709,110.0872,yahoo_chart_public,VTI,2019-07-31,137.1582,120.2553
2019-08,2019-08-30,BIL,76.6090,101.4915,yahoo_chart_public,VTI,2019-08-30,134.3017,117.7508
2019-08,2019-08-30,BND,69.4221,109.0224,yahoo_chart_public,VTI,2019-08-30,134.3017,117.7508
2019-08,2019-08-30,DBC,12.7007,102.0647,yahoo_chart_public,VTI,2019-08-30,134.3017,117.7508
2019-08,2019-08-30,EWJ,46.4148,106.6041,yahoo_chart_public,VTI,2019-08-30,134.3017,117.7508
2019-08,2019-08-30,GLD,143.7500,118.4785,yahoo_chart_public,VTI,2019-08-30,134.3017,117.7508
2019-08,2019-08-30,IEF,96.7660,110.6719,yahoo_chart_public,VTI,2019-08-30,134.3017,117.7508
2019-08,2019-08-30,VEA,32.5540,109.8796,yahoo_chart_public,VTI,2019-08-30,134.3017,117.7508
2019-08,2019-08-30,VNQ,70.7484,128.5436,yahoo_chart_public,VTI,2019-08-30,134.3017,117.7508
2019-08,2019-08-30,VTI,134.3017,117.7508,yahoo_chart_public,VTI,2019-08-30,134.3017,117.7508
2019-08,2019-08-30,VWO,32.7678,106.5020,yahoo_chart_public,VTI,2019-08-30,134.3017,117.7508
2019-09,2019-09-30,BIL,76.7329,101.6558,yahoo_chart_public,VTI,2019-09-30,136.6913,119.8459
2019-09,2019-09-30,BND,69.0281,108.4036,yahoo_chart_public,VTI,2019-09-30,136.6913,119.8459
2019-09,2019-09-30,DBC,12.8805,103.5100,yahoo_chart_public,VTI,2019-09-30,136.6913,119.8459
2019-09,2019-09-30,EWJ,48.8423,112.1794,yahoo_chart_public,VTI,2019-09-30,136.6913,119.8459
2019-09,2019-09-30,GLD,138.8700,114.4564,yahoo_chart_public,VTI,2019-09-30,136.6913,119.8459
2019-09,2019-09-30,IEF,95.6182,109.3592,yahoo_chart_public,VTI,2019-09-30,136.6913,119.8459
2019-09,2019-09-30,VEA,33.5802,113.3434,yahoo_chart_public,VTI,2019-09-30,136.6913,119.8459
2019-09,2019-09-30,VNQ,72.1118,131.0208,yahoo_chart_public,VTI,2019-09-30,136.6913,119.8459
2019-09,2019-09-30,VTI,136.6913,119.8459,yahoo_chart_public,VTI,2019-09-30,136.6913,119.8459
2019-09,2019-09-30,VWO,33.0663,107.4721,yahoo_chart_public,VTI,2019-09-30,136.6913,119.8459
2019-10,2019-10-31,BIL,76.8562,101.8191,yahoo_chart_public,VTI,2019-10-31,139.5700,122.3698
2019-10,2019-10-31,BND,69.2427,108.7406,yahoo_chart_public,VTI,2019-10-31,139.5700,122.3698
2019-10,2019-10-31,DBC,13.1289,105.5058,yahoo_chart_public,VTI,2019-10-31,139.5700,122.3698
2019-10,2019-10-31,EWJ,50.5123,116.0149,yahoo_chart_public,VTI,2019-10-31,139.5700,122.3698
2019-10,2019-10-31,GLD,142.4300,117.3906,yahoo_chart_public,VTI,2019-10-31,139.5700,122.3698
2019-10,2019-10-31,IEF,95.7979,109.5647,yahoo_chart_public,VTI,2019-10-31,139.5700,122.3698
2019-10,2019-10-31,VEA,34.6592,116.9854,yahoo_chart_public,VTI,2019-10-31,139.5700,122.3698
2019-10,2019-10-31,VNQ,72.9238,132.4960,yahoo_chart_public,VTI,2019-10-31,139.5700,122.3698
2019-10,2019-10-31,VTI,139.5700,122.3698,yahoo_chart_public,VTI,2019-10-31,139.5700,122.3698
2019-10,2019-10-31,VWO,34.3722,111.7165,yahoo_chart_public,VTI,2019-10-31,139.5700,122.3698
2019-11,2019-11-29,BIL,76.9394,101.9293,yahoo_chart_public,VTI,2019-11-29,144.8565,127.0049
2019-11,2019-11-29,BND,69.2140,108.6955,yahoo_chart_public,VTI,2019-11-29,144.8565,127.0049
2019-11,2019-11-29,DBC,13.1118,105.3682,yahoo_chart_public,VTI,2019-11-29,144.8565,127.0049
2019-11,2019-11-29,EWJ,51.1579,117.4978,yahoo_chart_public,VTI,2019-11-29,144.8565,127.0049
2019-11,2019-11-29,GLD,137.8600,113.6240,yahoo_chart_public,VTI,2019-11-29,144.8565,127.0049
2019-11,2019-11-29,IEF,95.1395,108.8117,yahoo_chart_public,VTI,2019-11-29,144.8565,127.0049
2019-11,2019-11-29,VEA,35.1251,118.5580,yahoo_chart_public,VTI,2019-11-29,144.8565,127.0049
2019-11,2019-11-29,VNQ,71.9726,130.7678,yahoo_chart_public,VTI,2019-11-29,144.8565,127.0049
2019-11,2019-11-29,VTI,144.8565,127.0049,yahoo_chart_public,VTI,2019-11-29,144.8565,127.0049
2019-11,2019-11-29,VWO,34.5447,112.2771,yahoo_chart_public,VTI,2019-11-29,144.8565,127.0049
2019-12,2019-12-31,BIL,77.0253,102.0431,yahoo_chart_public,VTI,2019-12-31,148.9185,130.5663
2019-12,2019-12-31,BND,69.1624,108.6145,yahoo_chart_public,VTI,2019-12-31,148.9185,130.5663
2019-12,2019-12-31,DBC,13.8787,111.5313,yahoo_chart_public,VTI,2019-12-31,148.9185,130.5663
2019-12,2019-12-31,EWJ,51.6027,118.5194,yahoo_chart_public,VTI,2019-12-31,148.9185,130.5663
2019-12,2019-12-31,GLD,142.9000,117.7780,yahoo_chart_public,VTI,2019-12-31,148.9185,130.5663
2019-12,2019-12-31,IEF,94.2566,107.8019,yahoo_chart_public,VTI,2019-12-31,148.9185,130.5663
2019-12,2019-12-31,VEA,36.3779,122.7867,yahoo_chart_public,VTI,2019-12-31,148.9185,130.5663
2019-12,2019-12-31,VNQ,72.5261,131.7734,yahoo_chart_public,VTI,2019-12-31,148.9185,130.5663
2019-12,2019-12-31,VTI,148.9185,130.5663,yahoo_chart_public,VTI,2019-12-31,148.9185,130.5663
2019-12,2019-12-31,VWO,36.9866,120.2138,yahoo_chart_public,VTI,2019-12-31,148.9185,130.5663
2020-01,2020-01-31,BIL,77.1180,102.1659,yahoo_chart_public,VTI,2020-01-31,148.8275,130.4866
2020-01,2020-01-31,BND,70.5314,110.7644,yahoo_chart_public,VTI,2020-01-31,148.8275,130.4866
2020-01,2020-01-31,DBC,12.6866,101.9515,yahoo_chart_public,VTI,2020-01-31,148.8275,130.4866
2020-01,2020-01-31,EWJ,50.3048,115.5384,yahoo_chart_public,VTI,2020-01-31,148.8275,130.4866
2020-01,2020-01-31,GLD,149.3300,123.0776,yahoo_chart_public,VTI,2020-01-31,148.8275,130.4866
2020-01,2020-01-31,IEF,97.5234,111.5381,yahoo_chart_public,VTI,2020-01-31,148.8275,130.4866
2020-01,2020-01-31,VEA,35.2881,119.1081,yahoo_chart_public,VTI,2020-01-31,148.8275,130.4866
2020-01,2020-01-31,VNQ,73.4171,133.3924,yahoo_chart_public,VTI,2020-01-31,148.8275,130.4866
2020-01,2020-01-31,VTI,148.8275,130.4866,yahoo_chart_public,VTI,2020-01-31,148.8275,130.4866
2020-01,2020-01-31,VWO,34.9406,113.5638,yahoo_chart_public,VTI,2020-01-31,148.8275,130.4866
2020-02,2020-02-28,BIL,77.2091,102.2866,yahoo_chart_public,VTI,2020-02-28,136.9228,120.0489
2020-02,2020-02-28,BND,71.7076,112.6115,yahoo_chart_public,VTI,2020-02-28,136.9228,120.0489
2020-02,2020-02-28,DBC,11.8426,95.1688,yahoo_chart_public,VTI,2020-02-28,136.9228,120.0489
2020-02,2020-02-28,EWJ,46.1324,105.9552,yahoo_chart_public,VTI,2020-02-28,136.9228,120.0489
2020-02,2020-02-28,GLD,148.3800,122.2946,yahoo_chart_public,VTI,2020-02-28,136.9228,120.0489
2020-02,2020-02-28,IEF,100.4117,114.8415,yahoo_chart_public,VTI,2020-02-28,136.9228,120.0489
2020-02,2020-02-28,VEA,32.5882,109.9952,yahoo_chart_public,VTI,2020-02-28,136.9228,120.0489
2020-02,2020-02-28,VNQ,68.2585,124.0196,yahoo_chart_public,VTI,2020-02-28,136.9228,120.0489
2020-02,2020-02-28,VTI,136.9228,120.0489,yahoo_chart_public,VTI,2020-02-28,136.9228,120.0489
2020-02,2020-02-28,VWO,33.7013,109.5359,yahoo_chart_public,VTI,2020-02-28,136.9228,120.0489
2020-03,2020-03-31,BIL,77.3670,102.4958,yahoo_chart_public,VTI,2020-03-31,117.9101,103.3792
2020-03,2020-03-31,BND,70.6831,111.0026,yahoo_chart_public,VTI,2020-03-31,117.9101,103.3792
2020-03,2020-03-31,DBC,9.7891,78.6663,yahoo_chart_public,VTI,2020-03-31,117.9101,103.3792
2020-03,2020-03-31,EWJ,43.0226,98.8129,yahoo_chart_public,VTI,2020-03-31,117.9101,103.3792
2020-03,2020-03-31,GLD,148.0500,122.0226,yahoo_chart_public,VTI,2020-03-31,117.9101,103.3792
2020-03,2020-03-31,IEF,104.1497,119.1167,yahoo_chart_public,VTI,2020-03-31,117.9101,103.3792
2020-03,2020-03-31,VEA,27.6502,93.3278,yahoo_chart_public,VTI,2020-03-31,117.9101,103.3792
2020-03,2020-03-31,VNQ,55.0219,99.9699,yahoo_chart_public,VTI,2020-03-31,117.9101,103.3792
2020-03,2020-03-31,VTI,117.9101,103.3792,yahoo_chart_public,VTI,2020-03-31,117.9101,103.3792
2020-03,2020-03-31,VWO,27.9563,90.8636,yahoo_chart_public,VTI,2020-03-31,117.9101,103.3792
2020-04,2020-04-30,BIL,77.3518,102.4756,yahoo_chart_public,VTI,2020-04-30,133.3954,116.9563
2020-04,2020-04-30,BND,72.6336,114.0658,yahoo_chart_public,VTI,2020-04-30,133.3954,116.9563
2020-04,2020-04-30,DBC,9.4845,76.2189,yahoo_chart_public,VTI,2020-04-30,133.3954,116.9563
2020-04,2020-04-30,EWJ,45.0871,103.5545,yahoo_chart_public,VTI,2020-04-30,133.3954,116.9563
2020-04,2020-04-30,GLD,158.8000,130.8827,yahoo_chart_public,VTI,2020-04-30,133.3954,116.9563
2020-04,2020-04-30,IEF,104.4364,119.4446,yahoo_chart_public,VTI,2020-04-30,133.3954,116.9563
2020-04,2020-04-30,VEA,29.5908,99.8781,yahoo_chart_public,VTI,2020-04-30,133.3954,116.9563
2020-04,2020-04-30,VNQ,59.9530,108.9293,yahoo_chart_public,VTI,2020-04-30,133.3954,116.9563
2020-04,2020-04-30,VTI,133.3954,116.9563,yahoo_chart_public,VTI,2020-04-30,133.3954,116.9563
2020-04,2020-04-30,VWO,30.1395,97.9594,yahoo_chart_public,VTI,2020-04-30,133.3954,116.9563
2020-05,2020-05-29,BIL,77.3382,102.4577,yahoo_chart_public,VTI,2020-05-29,140.5939,123.2676
2020-05,2020-05-29,BND,73.1193,114.8285,yahoo_chart_public,VTI,2020-05-29,140.5939,123.2676
2020-05,2020-05-29,DBC,10.2502,82.3724,yahoo_chart_public,VTI,2020-05-29,140.5939,123.2676
2020-05,2020-05-29,EWJ,48.2665,110.8569,yahoo_chart_public,VTI,2020-05-29,140.5939,123.2676
2020-05,2020-05-29,GLD,162.9100,134.2702,yahoo_chart_public,VTI,2020-05-29,140.5939,123.2676
2020-05,2020-05-29,IEF,104.7784,119.8357,yahoo_chart_public,VTI,2020-05-29,140.5939,123.2676
2020-05,2020-05-29,VEA,31.2412,105.4487,yahoo_chart_public,VTI,2020-05-29,140.5939,123.2676
2020-05,2020-05-29,VNQ,60.9928,110.8185,yahoo_chart_public,VTI,2020-05-29,140.5939,123.2676
2020-05,2020-05-29,VTI,140.5939,123.2676,yahoo_chart_public,VTI,2020-05-29,140.5939,123.2676
2020-05,2020-05-29,VWO,31.1311,101.1823,yahoo_chart_public,VTI,2020-05-29,140.5939,123.2676
2020-06,2020-06-30,BIL,77.3382,102.4577,yahoo_chart_public,VTI,2020-06-30,143.8250,126.1005
2020-06,2020-06-30,BND,73.6101,115.5992,yahoo_chart_public,VTI,2020-06-30,143.8250,126.1005
2020-06,2020-06-30,DBC,10.7114,86.0784,yahoo_chart_public,VTI,2020-06-30,143.8250,126.1005
2020-06,2020-06-30,EWJ,48.2193,110.7485,yahoo_chart_public,VTI,2020-06-30,143.8250,126.1005
2020-06,2020-06-30,GLD,167.3700,137.9461,yahoo_chart_public,VTI,2020-06-30,143.8250,126.1005
2020-06,2020-06-30,IEF,104.8231,119.8869,yahoo_chart_public,VTI,2020-06-30,143.8250,126.1005
2020-06,2020-06-30,VEA,32.3340,109.1371,yahoo_chart_public,VTI,2020-06-30,143.8250,126.1005
2020-06,2020-06-30,VNQ,62.4718,113.5057,yahoo_chart_public,VTI,2020-06-30,143.8250,126.1005
2020-06,2020-06-30,VTI,143.8250,126.1005,yahoo_chart_public,VTI,2020-06-30,143.8250,126.1005
2020-06,2020-06-30,VWO,33.1475,107.7360,yahoo_chart_public,VTI,2020-06-30,143.8250,126.1005
2020-07,2020-07-31,BIL,77.3467,102.4689,yahoo_chart_public,VTI,2020-07-31,152.0853,133.3428
2020-07,2020-07-31,BND,74.6803,117.2800,yahoo_chart_public,VTI,2020-07-31,152.0853,133.3428
2020-07,2020-07-31,DBC,11.2596,90.4837,yahoo_chart_public,VTI,2020-07-31,152.0853,133.3428
2020-07,2020-07-31,EWJ,47.7013,109.5587,yahoo_chart_public,VTI,2020-07-31,152.0853,133.3428
2020-07,2020-07-31,GLD,185.4300,152.8311,yahoo_chart_public,VTI,2020-07-31,152.0853,133.3428
2020-07,2020-07-31,IEF,105.7185,120.9109,yahoo_chart_public,VTI,2020-07-31,152.0853,133.3428
2020-07,2020-07-31,VEA,33.1842,112.0069,yahoo_chart_public,VTI,2020-07-31,152.0853,133.3428
2020-07,2020-07-31,VNQ,64.7470,117.6395,yahoo_chart_public,VTI,2020-07-31,152.0853,133.3428
2020-07,2020-07-31,VTI,152.0853,133.3428,yahoo_chart_public,VTI,2020-07-31,152.0853,133.3428
2020-07,2020-07-31,VWO,35.9928,116.9837,yahoo_chart_public,VTI,2020-07-31,152.0853,133.3428
2020-08,2020-08-31,BIL,77.3467,102.4689,yahoo_chart_public,VTI,2020-08-31,162.8907,142.8167
2020-08,2020-08-31,BND,73.9770,116.1755,yahoo_chart_public,VTI,2020-08-31,162.8907,142.8167
2020-08,2020-08-31,DBC,11.7817,94.6793,yahoo_chart_public,VTI,2020-08-31,162.8907,142.8167
2020-08,2020-08-31,EWJ,50.9411,116.9998,yahoo_chart_public,VTI,2020-08-31,162.8907,142.8167
2020-08,2020-08-31,GLD,184.8300,152.3366,yahoo_chart_public,VTI,2020-08-31,162.8907,142.8167
2020-08,2020-08-31,IEF,104.6932,119.7382,yahoo_chart_public,VTI,2020-08-31,162.8907,142.8167
2020-08,2020-08-31,VEA,34.9014,117.8028,yahoo_chart_public,VTI,2020-08-31,162.8907,142.8167
2020-08,2020-08-31,VNQ,65.0334,118.1599,yahoo_chart_public,VTI,2020-08-31,162.8907,142.8167
2020-08,2020-08-31,VTI,162.8907,142.8167,yahoo_chart_public,VTI,2020-08-31,162.8907,142.8167
2020-08,2020-08-31,VWO,36.9803,120.1933,yahoo_chart_public,VTI,2020-08-31,162.8907,142.8167
2020-09,2020-09-30,BIL,77.3298,102.4465,yahoo_chart_public,VTI,2020-09-30,157.1284,137.7644
2020-09,2020-09-30,BND,73.9042,116.0611,yahoo_chart_public,VTI,2020-09-30,157.1284,137.7644
2020-09,2020-09-30,DBC,11.3640,91.3228,yahoo_chart_public,VTI,2020-09-30,157.1284,137.7644
2020-09,2020-09-30,EWJ,51.8630,119.1172,yahoo_chart_public,VTI,2020-09-30,157.1284,137.7644
2020-09,2020-09-30,GLD,177.1200,145.9820,yahoo_chart_public,VTI,2020-09-30,157.1284,137.7644
2020-09,2020-09-30,IEF,105.0363,120.1307,yahoo_chart_public,VTI,2020-09-30,157.1284,137.7644
2020-09,2020-09-30,VEA,34.2732,115.6827,yahoo_chart_public,VTI,2020-09-30,157.1284,137.7644
2020-09,2020-09-30,VNQ,63.3007,115.0117,yahoo_chart_public,VTI,2020-09-30,157.1284,137.7644
2020-09,2020-09-30,VTI,157.1284,137.7644,yahoo_chart_public,VTI,2020-09-30,157.1284,137.7644
2020-09,2020-09-30,VWO,36.5381,118.7560,yahoo_chart_public,VTI,2020-09-30,157.1284,137.7644
2020-10,2020-10-30,BIL,77.3382,102.4577,yahoo_chart_public,VTI,2020-10-30,154.0654,135.0789
2020-10,2020-10-30,BND,73.4929,115.4152,yahoo_chart_public,VTI,2020-10-30,154.0654,135.0789
2020-10,2020-10-30,DBC,11.0072,88.4559,yahoo_chart_public,VTI,2020-10-30,154.0654,135.0789
2020-10,2020-10-30,EWJ,51.1343,117.4434,yahoo_chart_public,VTI,2020-10-30,154.0654,135.0789
2020-10,2020-10-30,GLD,176.2000,145.2238,yahoo_chart_public,VTI,2020-10-30,154.0654,135.0789
2020-10,2020-10-30,IEF,103.5860,118.4719,yahoo_chart_public,VTI,2020-10-30,154.0654,135.0789
2020-10,2020-10-30,VEA,33.0582,111.5814,yahoo_chart_public,VTI,2020-10-30,154.0654,135.0789
2020-10,2020-10-30,VNQ,61.4007,111.5596,yahoo_chart_public,VTI,2020-10-30,154.0654,135.0789
2020-10,2020-10-30,VTI,154.0654,135.0789,yahoo_chart_public,VTI,2020-10-30,154.0654,135.0789
2020-10,2020-10-30,VWO,37.0197,120.3214,yahoo_chart_public,VTI,2020-10-30,154.0654,135.0789
2020-11,2020-11-30,BIL,77.3298,102.4465,yahoo_chart_public,VTI,2020-11-30,172.2498,151.0224
2020-11,2020-11-30,BND,74.3848,116.8159,yahoo_chart_public,VTI,2020-11-30,172.2498,151.0224
2020-11,2020-11-30,DBC,12.1297,97.4763,yahoo_chart_public,VTI,2020-11-30,172.2498,151.0224
2020-11,2020-11-30,EWJ,56.5339,129.8452,yahoo_chart_public,VTI,2020-11-30,172.2498,151.0224
2020-11,2020-11-30,GLD,166.6700,137.3692,yahoo_chart_public,VTI,2020-11-30,172.2498,151.0224
2020-11,2020-11-30,IEF,103.9365,118.8728,yahoo_chart_public,VTI,2020-11-30,172.2498,151.0224
2020-11,2020-11-30,VEA,37.7843,127.5337,yahoo_chart_public,VTI,2020-11-30,172.2498,151.0224
2020-11,2020-11-30,VNQ,67.3411,122.3529,yahoo_chart_public,VTI,2020-11-30,172.2498,151.0224
2020-11,2020-11-30,VTI,172.2498,151.0224,yahoo_chart_public,VTI,2020-11-30,172.2498,151.0224
2020-11,2020-11-30,VWO,40.1885,130.6206,yahoo_chart_public,VTI,2020-11-30,172.2498,151.0224
2020-12,2020-12-31,BIL,77.3323,102.4498,yahoo_chart_public,VTI,2020-12-31,180.3048,158.0847
2020-12,2020-12-31,BND,74.4983,116.9941,yahoo_chart_public,VTI,2020-12-31,180.3048,158.0847
2020-12,2020-12-31,DBC,12.7910,102.7906,yahoo_chart_public,VTI,2020-12-31,180.3048,158.0847
2020-12,2020-12-31,EWJ,59.5501,136.7726,yahoo_chart_public,VTI,2020-12-31,180.3048,158.0847
2020-12,2020-12-31,GLD,178.3600,147.0040,yahoo_chart_public,VTI,2020-12-31,180.3048,158.0847
2020-12,2020-12-31,IEF,103.6886,118.5893,yahoo_chart_public,VTI,2020-12-31,180.3048,158.0847
2020-12,2020-12-31,VEA,39.9116,134.7140,yahoo_chart_public,VTI,2020-12-31,180.3048,158.0847
2020-12,2020-12-31,VNQ,69.1823,125.6981,yahoo_chart_public,VTI,2020-12-31,180.3048,158.0847
2020-12,2020-12-31,VTI,180.3048,158.0847,yahoo_chart_public,VTI,2020-12-31,180.3048,158.0847
2020-12,2020-12-31,VWO,42.5995,138.4570,yahoo_chart_public,VTI,2020-12-31,180.3048,158.0847
2021-01,2021-01-29,BIL,77.3323,102.4498,yahoo_chart_public,VTI,2021-01-29,179.7027,157.5568
2021-01,2021-01-29,BND,73.8563,115.9859,yahoo_chart_public,VTI,2021-01-29,179.7027,157.5568
2021-01,2021-01-29,DBC,13.2174,106.2170,yahoo_chart_public,VTI,2021-01-29,179.7027,157.5568
2021-01,2021-01-29,EWJ,59.0477,135.6187,yahoo_chart_public,VTI,2021-01-29,179.7027,157.5568
2021-01,2021-01-29,GLD,172.6100,142.2649,yahoo_chart_public,VTI,2021-01-29,179.7027,157.5568
2021-01,2021-01-29,IEF,102.5562,117.2942,yahoo_chart_public,VTI,2021-01-29,179.7027,157.5568
2021-01,2021-01-29,VEA,39.6242,133.7438,yahoo_chart_public,VTI,2021-01-29,179.7027,157.5568
2021-01,2021-01-29,VNQ,69.2067,125.7424,yahoo_chart_public,VTI,2021-01-29,179.7027,157.5568
2021-01,2021-01-29,VTI,179.7027,157.5568,yahoo_chart_public,VTI,2021-01-29,179.7027,157.5568
2021-01,2021-01-29,VWO,43.9342,142.7950,yahoo_chart_public,VTI,2021-01-29,179.7027,157.5568
2021-02,2021-02-26,BIL,77.3239,102.4387,yahoo_chart_public,VTI,2021-02-26,185.3442,162.5030
2021-02,2021-02-26,BND,72.7132,114.1907,yahoo_chart_public,VTI,2021-02-26,185.3442,162.5030
2021-02,2021-02-26,DBC,14.5574,116.9855,yahoo_chart_public,VTI,2021-02-26,185.3442,162.5030
2021-02,2021-02-26,EWJ,60.1319,138.1088,yahoo_chart_public,VTI,2021-02-26,185.3442,162.5030
2021-02,2021-02-26,GLD,161.8100,133.3635,yahoo_chart_public,VTI,2021-02-26,185.3442,162.5030
2021-02,2021-02-26,IEF,100.1325,114.5222,yahoo_chart_public,VTI,2021-02-26,185.3442,162.5030
2021-02,2021-02-26,VEA,40.5879,136.9968,yahoo_chart_public,VTI,2021-02-26,185.3442,162.5030
2021-02,2021-02-26,VNQ,71.5771,130.0493,yahoo_chart_public,VTI,2021-02-26,185.3442,162.5030
2021-02,2021-02-26,VTI,185.3442,162.5030,yahoo_chart_public,VTI,2021-02-26,185.3442,162.5030
2021-02,2021-02-26,VWO,44.6228,145.0331,yahoo_chart_public,VTI,2021-02-26,185.3442,162.5030
2021-03,2021-03-31,BIL,77.3154,102.4274,yahoo_chart_public,VTI,2021-03-31,192.1054,168.4310
2021-03,2021-03-31,BND,71.7887,112.7389,yahoo_chart_public,VTI,2021-03-31,192.1054,168.4310
2021-03,2021-03-31,DBC,14.4530,116.1465,yahoo_chart_public,VTI,2021-03-31,192.1054,168.4310
2021-03,2021-03-31,EWJ,60.3963,138.7161,yahoo_chart_public,VTI,2021-03-31,192.1054,168.4310
2021-03,2021-03-31,GLD,159.9600,131.8388,yahoo_chart_public,VTI,2021-03-31,192.1054,168.4310
2021-03,2021-03-31,IEF,97.7436,111.7900,yahoo_chart_public,VTI,2021-03-31,192.1054,168.4310
2021-03,2021-03-31,VEA,41.7116,140.7895,yahoo_chart_public,VTI,2021-03-31,192.1054,168.4310
2021-03,2021-03-31,VNQ,75.2648,136.7495,yahoo_chart_public,VTI,2021-03-31,192.1054,168.4310
2021-03,2021-03-31,VTI,192.1054,168.4310,yahoo_chart_public,VTI,2021-03-31,192.1054,168.4310
2021-03,2021-03-31,VWO,44.3058,144.0028,yahoo_chart_public,VTI,2021-03-31,192.1054,168.4310
2021-04,2021-04-30,BIL,77.3154,102.4274,yahoo_chart_public,VTI,2021-04-30,201.7808,176.9141
2021-04,2021-04-30,BND,72.4104,113.7152,yahoo_chart_public,VTI,2021-04-30,201.7808,176.9141
2021-04,2021-04-30,DBC,15.5842,125.2368,yahoo_chart_public,VTI,2021-04-30,201.7808,176.9141
2021-04,2021-04-30,EWJ,59.4267,136.4892,yahoo_chart_public,VTI,2021-04-30,201.7808,176.9141
2021-04,2021-04-30,GLD,165.6600,136.5367,yahoo_chart_public,VTI,2021-04-30,201.7808,176.9141
2021-04,2021-04-30,IEF,98.7223,112.9093,yahoo_chart_public,VTI,2021-04-30,201.7808,176.9141
2021-04,2021-04-30,VEA,42.9856,145.0897,yahoo_chart_public,VTI,2021-04-30,201.7808,176.9141
2021-04,2021-04-30,VNQ,81.1805,147.4978,yahoo_chart_public,VTI,2021-04-30,201.7808,176.9141
2021-04,2021-04-30,VTI,201.7808,176.9141,yahoo_chart_public,VTI,2021-04-30,201.7808,176.9141
2021-04,2021-04-30,VWO,45.0975,146.5757,yahoo_chart_public,VTI,2021-04-30,201.7808,176.9141
2021-05,2021-05-28,BIL,77.3069,102.4162,yahoo_chart_public,VTI,2021-05-28,202.7009,177.7208
2021-05,2021-05-28,BND,72.5219,113.8902,yahoo_chart_public,VTI,2021-05-28,202.7009,177.7208
2021-05,2021-05-28,DBC,16.1846,130.0617,yahoo_chart_public,VTI,2021-05-28,202.7009,177.7208
2021-05,2021-05-28,EWJ,60.4492,138.8376,yahoo_chart_public,VTI,2021-05-28,202.7009,177.7208
2021-05,2021-05-28,GLD,178.3800,147.0205,yahoo_chart_public,VTI,2021-05-28,202.7009,177.7208
2021-05,2021-05-28,IEF,99.1417,113.3890,yahoo_chart_public,VTI,2021-05-28,202.7009,177.7208
2021-05,2021-05-28,VEA,44.5230,150.2787,yahoo_chart_public,VTI,2021-05-28,202.7009,177.7208
2021-05,2021-05-28,VNQ,81.8360,148.6887,yahoo_chart_public,VTI,2021-05-28,202.7009,177.7208
2021-05,2021-05-28,VTI,202.7009,177.7208,yahoo_chart_public,VTI,2021-05-28,202.7009,177.7208
2021-05,2021-05-28,VWO,45.8635,149.0657,yahoo_chart_public,VTI,2021-05-28,202.7009,177.7208
2021-06,2021-06-30,BIL,77.2900,102.3938,yahoo_chart_public,VTI,2021-06-30,207.7319,182.1318
2021-06,2021-06-30,BND,73.1727,114.9124,yahoo_chart_public,VTI,2021-06-30,207.7319,182.1318
2021-06,2021-06-30,DBC,16.7502,134.6068,yahoo_chart_public,VTI,2021-06-30,207.7319,182.1318
2021-06,2021-06-30,EWJ,59.9715,137.7404,yahoo_chart_public,VTI,2021-06-30,207.7319,182.1318
2021-06,2021-06-30,GLD,165.6300,136.5120,yahoo_chart_public,VTI,2021-06-30,207.7319,182.1318
2021-06,2021-06-30,IEF,100.1555,114.5485,yahoo_chart_public,VTI,2021-06-30,207.7319,182.1318
2021-06,2021-06-30,VEA,44.1127,148.8940,yahoo_chart_public,VTI,2021-06-30,207.7319,182.1318
2021-06,2021-06-30,VNQ,83.9944,152.6104,yahoo_chart_public,VTI,2021-06-30,207.7319,182.1318
2021-06,2021-06-30,VTI,207.7319,182.1318,yahoo_chart_public,VTI,2021-06-30,207.7319,182.1318
2021-06,2021-06-30,VWO,46.4721,151.0435,yahoo_chart_public,VTI,2021-06-30,207.7319,182.1318
2021-07,2021-07-30,BIL,77.2816,102.3827,yahoo_chart_public,VTI,2021-07-30,211.3399,185.2951
2021-07,2021-07-30,BND,74.0277,116.2550,yahoo_chart_public,VTI,2021-07-30,211.3399,185.2951
2021-07,2021-07-30,DBC,16.9677,136.3549,yahoo_chart_public,VTI,2021-07-30,211.3399,185.2951
2021-07,2021-07-30,EWJ,59.5896,136.8635,yahoo_chart_public,VTI,2021-07-30,211.3399,185.2951
2021-07,2021-07-30,GLD,169.8200,139.9654,yahoo_chart_public,VTI,2021-07-30,211.3399,185.2951
2021-07,2021-07-30,IEF,102.1489,116.8283,yahoo_chart_public,VTI,2021-07-30,211.3399,185.2951
2021-07,2021-07-30,VEA,44.3354,149.6454,yahoo_chart_public,VTI,2021-07-30,211.3399,185.2951
2021-07,2021-07-30,VNQ,87.7077,159.3571,yahoo_chart_public,VTI,2021-07-30,211.3399,185.2951
2021-07,2021-07-30,VTI,211.3399,185.2951,yahoo_chart_public,VTI,2021-07-30,211.3399,185.2951
2021-07,2021-07-30,VWO,43.7339,142.1438,yahoo_chart_public,VTI,2021-07-30,211.3399,185.2951
2021-08,2021-08-31,BIL,77.2732,102.3715,yahoo_chart_public,VTI,2021-08-31,217.3811,190.5918
2021-08,2021-08-31,BND,73.8875,116.0349,yahoo_chart_public,VTI,2021-08-31,217.3811,190.5918
2021-08,2021-08-31,DBC,16.6892,134.1173,yahoo_chart_public,VTI,2021-08-31,217.3811,190.5918
2021-08,2021-08-31,EWJ,60.7351,139.4943,yahoo_chart_public,VTI,2021-08-31,217.3811,190.5918
2021-08,2021-08-31,GLD,169.6900,139.8582,yahoo_chart_public,VTI,2021-08-31,217.3811,190.5918
2021-08,2021-08-31,IEF,101.7459,116.3675,yahoo_chart_public,VTI,2021-08-31,217.3811,190.5918
2021-08,2021-08-31,VEA,44.9176,151.6107,yahoo_chart_public,VTI,2021-08-31,217.3811,190.5918
2021-08,2021-08-31,VNQ,89.5973,162.7904,yahoo_chart_public,VTI,2021-08-31,217.3811,190.5918
2021-08,2021-08-31,VTI,217.3811,190.5918,yahoo_chart_public,VTI,2021-08-31,217.3811,190.5918
2021-08,2021-08-31,VWO,44.6922,145.2587,yahoo_chart_public,VTI,2021-08-31,217.3811,190.5918
2021-09,2021-09-30,BIL,77.2816,102.3827,yahoo_chart_public,VTI,2021-09-30,207.6769,182.0835
2021-09,2021-09-30,BND,73.1386,114.8587,yahoo_chart_public,VTI,2021-09-30,207.6769,182.0835
2021-09,2021-09-30,DBC,17.5594,141.1099,yahoo_chart_public,VTI,2021-09-30,207.6769,182.0835
2021-09,2021-09-30,EWJ,62.3778,143.2671,yahoo_chart_public,VTI,2021-09-30,207.6769,182.0835
2021-09,2021-09-30,GLD,164.2200,135.3499,yahoo_chart_public,VTI,2021-09-30,207.6769,182.0835
2021-09,2021-09-30,IEF,100.1210,114.5090,yahoo_chart_public,VTI,2021-09-30,207.6769,182.0835
2021-09,2021-09-30,VEA,43.3969,146.4778,yahoo_chart_public,VTI,2021-09-30,207.6769,182.0835
2021-09,2021-09-30,VNQ,84.5069,153.5415,yahoo_chart_public,VTI,2021-09-30,207.6769,182.0835
2021-09,2021-09-30,VTI,207.6769,182.0835,yahoo_chart_public,VTI,2021-09-30,207.6769,182.0835
2021-09,2021-09-30,VWO,43.1897,140.3751,yahoo_chart_public,VTI,2021-09-30,207.6769,182.0835
2021-10,2021-10-29,BIL,77.2732,102.3715,yahoo_chart_public,VTI,2021-10-29,221.5650,194.2601
2021-10,2021-10-29,BND,73.1900,114.9395,yahoo_chart_public,VTI,2021-10-29,221.5650,194.2601
2021-10,2021-10-29,DBC,18.5774,149.2912,yahoo_chart_public,VTI,2021-10-29,221.5650,194.2601
2021-10,2021-10-29,EWJ,60.7351,139.4943,yahoo_chart_public,VTI,2021-10-29,221.5650,194.2601
2021-10,2021-10-29,GLD,166.6500,137.3527,yahoo_chart_public,VTI,2021-10-29,221.5650,194.2601
2021-10,2021-10-29,IEF,99.6775,114.0018,yahoo_chart_public,VTI,2021-10-29,221.5650,194.2601
2021-10,2021-10-29,VEA,44.7979,151.2066,yahoo_chart_public,VTI,2021-10-29,221.5650,194.2601
2021-10,2021-10-29,VNQ,90.5348,164.4937,yahoo_chart_public,VTI,2021-10-29,221.5650,194.2601
2021-10,2021-10-29,VTI,221.5650,194.2601,yahoo_chart_public,VTI,2021-10-29,221.5650,194.2601
2021-10,2021-10-29,VWO,43.7510,142.1996,yahoo_chart_public,VTI,2021-10-29,221.5650,194.2601
2021-11,2021-11-30,BIL,77.2562,102.3491,yahoo_chart_public,VTI,2021-11-30,218.3292,191.4230
2021-11,2021-11-30,BND,73.3394,115.1741,yahoo_chart_public,VTI,2021-11-30,218.3292,191.4230
2021-11,2021-11-30,DBC,16.9503,136.2151,yahoo_chart_public,VTI,2021-11-30,218.3292,191.4230
2021-11,2021-11-30,EWJ,58.8971,135.2728,yahoo_chart_public,VTI,2021-11-30,218.3292,191.4230
2021-11,2021-11-30,GLD,165.5000,136.4048,yahoo_chart_public,VTI,2021-11-30,218.3292,191.4230
2021-11,2021-11-30,IEF,100.7661,115.2468,yahoo_chart_public,VTI,2021-11-30,218.3292,191.4230
2021-11,2021-11-30,VEA,42.7179,144.1859,yahoo_chart_public,VTI,2021-11-30,218.3292,191.4230
2021-11,2021-11-30,VNQ,88.6251,161.0240,yahoo_chart_public,VTI,2021-11-30,218.3292,191.4230
2021-11,2021-11-30,VTI,218.3292,191.4230,yahoo_chart_public,VTI,2021-11-30,218.3292,191.4230
2021-11,2021-11-30,VWO,42.4815,138.0734,yahoo_chart_public,VTI,2021-11-30,218.3292,191.4230
2021-12,2021-12-31,BIL,77.2562,102.3491,yahoo_chart_public,VTI,2021-12-31,226.6104,198.6838
2021-12,2021-12-31,BND,73.1118,114.8167,yahoo_chart_public,VTI,2021-12-31,226.6104,198.6838
2021-12,2021-12-31,DBC,18.0815,145.3054,yahoo_chart_public,VTI,2021-12-31,226.6104,198.6838
2021-12,2021-12-31,EWJ,60.2381,138.3529,yahoo_chart_public,VTI,2021-12-31,226.6104,198.6838
2021-12,2021-12-31,GLD,170.9600,140.9050,yahoo_chart_public,VTI,2021-12-31,226.6104,198.6838
2021-12,2021-12-31,IEF,100.2380,114.6429,yahoo_chart_public,VTI,2021-12-31,226.6104,198.6838
2021-12,2021-12-31,VEA,44.5669,150.4271,yahoo_chart_public,VTI,2021-12-31,226.6104,198.6838
2021-12,2021-12-31,VNQ,97.2267,176.6523,yahoo_chart_public,VTI,2021-12-31,226.6104,198.6838
2021-12,2021-12-31,VTI,226.6104,198.6838,yahoo_chart_public,VTI,2021-12-31,226.6104,198.6838
2021-12,2021-12-31,VWO,43.1358,140.2001,yahoo_chart_public,VTI,2021-12-31,226.6104,198.6838
2022-01,2022-01-31,BIL,77.2562,102.3491,yahoo_chart_public,VTI,2022-01-31,212.8791,186.6446
2022-01,2022-01-31,BND,71.6021,112.4459,yahoo_chart_public,VTI,2022-01-31,212.8791,186.6446
2022-01,2022-01-31,DBC,19.5085,156.7732,yahoo_chart_public,VTI,2022-01-31,212.8791,186.6446
2022-01,2022-01-31,EWJ,57.6473,132.4023,yahoo_chart_public,VTI,2022-01-31,212.8791,186.6446
2022-01,2022-01-31,GLD,168.0900,138.5395,yahoo_chart_public,VTI,2022-01-31,212.8791,186.6446
2022-01,2022-01-31,IEF,98.1200,112.2205,yahoo_chart_public,VTI,2022-01-31,212.8791,186.6446
2022-01,2022-01-31,VEA,42.8475,144.6233,yahoo_chart_public,VTI,2022-01-31,212.8791,186.6446
2022-01,2022-01-31,VNQ,89.0386,161.7752,yahoo_chart_public,VTI,2022-01-31,212.8791,186.6446
2022-01,2022-01-31,VTI,212.8791,186.6446,yahoo_chart_public,VTI,2022-01-31,212.8791,186.6446
2022-01,2022-01-31,VWO,43.3190,140.7954,yahoo_chart_public,VTI,2022-01-31,212.8791,186.6446
2022-02,2022-02-28,BIL,77.2394,102.3267,yahoo_chart_public,VTI,2022-02-28,207.5855,182.0034
2022-02,2022-02-28,BND,70.7873,111.1662,yahoo_chart_public,VTI,2022-02-28,207.5855,182.0034
2022-02,2022-02-28,DBC,20.7702,166.9124,yahoo_chart_public,VTI,2022-02-28,207.5855,182.0034
2022-02,2022-02-28,EWJ,56.6217,130.0468,yahoo_chart_public,VTI,2022-02-28,207.5855,182.0034
2022-02,2022-02-28,GLD,178.3800,147.0205,yahoo_chart_public,VTI,2022-02-28,207.5855,182.0034
2022-02,2022-02-28,IEF,97.8216,111.8792,yahoo_chart_public,VTI,2022-02-28,207.5855,182.0034
2022-02,2022-02-28,VEA,41.7128,140.7934,yahoo_chart_public,VTI,2022-02-28,207.5855,182.0034
2022-02,2022-02-28,VNQ,85.9377,156.1412,yahoo_chart_public,VTI,2022-02-28,207.5855,182.0034
2022-02,2022-02-28,VTI,207.5855,182.0034,yahoo_chart_public,VTI,2022-02-28,207.5855,182.0034
2022-02,2022-02-28,VWO,41.7055,135.5513,yahoo_chart_public,VTI,2022-02-28,207.5855,182.0034
2022-03,2022-03-31,BIL,77.2748,102.3737,yahoo_chart_public,VTI,2022-03-31,214.3526,187.9365
2022-03,2022-03-31,BND,68.8391,108.1067,yahoo_chart_public,VTI,2022-03-31,214.3526,187.9365
2022-03,2022-03-31,DBC,22.6758,182.2261,yahoo_chart_public,VTI,2022-03-31,214.3526,187.9365
2022-03,2022-03-31,EWJ,55.4252,127.2988,yahoo_chart_public,VTI,2022-03-31,214.3526,187.9365
2022-03,2022-03-31,GLD,180.6500,148.8914,yahoo_chart_public,VTI,2022-03-31,214.3526,187.9365
2022-03,2022-03-31,IEF,93.8491,107.3358,yahoo_chart_public,VTI,2022-03-31,214.3526,187.9365
2022-03,2022-03-31,VEA,41.9945,141.7444,yahoo_chart_public,VTI,2022-03-31,214.3526,187.9365
2022-03,2022-03-31,VNQ,91.3207,165.9217,yahoo_chart_public,VTI,2022-03-31,214.3526,187.9365
2022-03,2022-03-31,VTI,214.3526,187.9365,yahoo_chart_public,VTI,2022-03-31,214.3526,187.9365
2022-03,2022-03-31,VWO,40.3479,131.1387,yahoo_chart_public,VTI,2022-03-31,214.3526,187.9365
2022-04,2022-04-29,BIL,77.2664,102.3625,yahoo_chart_public,VTI,2022-04-29,194.7787,170.7748
2022-04,2022-04-29,BND,66.1044,103.8120,yahoo_chart_public,VTI,2022-04-29,194.7787,170.7748
2022-04,2022-04-29,DBC,23.9549,192.5052,yahoo_chart_public,VTI,2022-04-29,194.7787,170.7748
2022-04,2022-04-29,EWJ,50.9361,116.9884,yahoo_chart_public,VTI,2022-04-29,194.7787,170.7748
2022-04,2022-04-29,GLD,176.9100,145.8090,yahoo_chart_public,VTI,2022-04-29,194.7787,170.7748
2022-04,2022-04-29,IEF,89.8809,102.7974,yahoo_chart_public,VTI,2022-04-29,194.7787,170.7748
2022-04,2022-04-29,VEA,39.1442,132.1236,yahoo_chart_public,VTI,2022-04-29,194.7787,170.7748
2022-04,2022-04-29,VNQ,87.5877,159.1390,yahoo_chart_public,VTI,2022-04-29,194.7787,170.7748
2022-04,2022-04-29,VTI,194.7787,170.7748,yahoo_chart_public,VTI,2022-04-29,194.7787,170.7748
2022-04,2022-04-29,VWO,37.9951,123.4916,yahoo_chart_public,VTI,2022-04-29,194.7787,170.7748
2022-05,2022-05-31,BIL,77.2918,102.3961,yahoo_chart_public,VTI,2022-05-31,194.2891,170.3456
2022-05,2022-05-31,BND,66.6528,104.6734,yahoo_chart_public,VTI,2022-05-31,194.2891,170.3456
2022-05,2022-05-31,DBC,25.0600,201.3858,yahoo_chart_public,VTI,2022-05-31,194.2891,170.3456
2022-05,2022-05-31,EWJ,51.8178,119.0133,yahoo_chart_public,VTI,2022-05-31,194.2891,170.3456
2022-05,2022-05-31,GLD,171.1400,141.0533,yahoo_chart_public,VTI,2022-05-31,194.2891,170.3456
2022-05,2022-05-31,IEF,90.4367,103.4331,yahoo_chart_public,VTI,2022-05-31,194.2891,170.3456
2022-05,2022-05-31,VEA,39.7912,134.3074,yahoo_chart_public,VTI,2022-05-31,194.2891,170.3456
2022-05,2022-05-31,VNQ,83.4838,151.6828,yahoo_chart_public,VTI,2022-05-31,194.2891,170.3456
2022-05,2022-05-31,VTI,194.2891,170.3456,yahoo_chart_public,VTI,2022-05-31,194.2891,170.3456
2022-05,2022-05-31,VWO,38.1700,124.0601,yahoo_chart_public,VTI,2022-05-31,194.2891,170.3456
2022-06,2022-06-30,BIL,77.3518,102.4756,yahoo_chart_public,VTI,2022-06-30,178.2966,156.3240
2022-06,2022-06-30,BND,65.5450,102.9337,yahoo_chart_public,VTI,2022-06-30,178.2966,156.3240
2022-06,2022-06-30,DBC,23.1805,186.2818,yahoo_chart_public,VTI,2022-06-30,178.2966,156.3240
2022-06,2022-06-30,EWJ,47.9883,110.2179,yahoo_chart_public,VTI,2022-06-30,178.2966,156.3240
2022-06,2022-06-30,GLD,168.4600,138.8445,yahoo_chart_public,VTI,2022-06-30,178.2966,156.3240
2022-06,2022-06-30,IEF,89.6559,102.5400,yahoo_chart_public,VTI,2022-06-30,178.2966,156.3240
2022-06,2022-06-30,VEA,36.1423,121.9914,yahoo_chart_public,VTI,2022-06-30,178.2966,156.3240
2022-06,2022-06-30,VNQ,77.2652,140.3841,yahoo_chart_public,VTI,2022-06-30,178.2966,156.3240
2022-06,2022-06-30,VTI,178.2966,156.3240,yahoo_chart_public,VTI,2022-06-30,178.2966,156.3240
2022-06,2022-06-30,VWO,36.7004,119.2836,yahoo_chart_public,VTI,2022-06-30,178.2966,156.3240
2022-07,2022-07-29,BIL,77.3797,102.5126,yahoo_chart_public,VTI,2022-07-29,194.9618,170.9354
2022-07,2022-07-29,BND,67.1062,105.3853,yahoo_chart_public,VTI,2022-07-29,194.9618,170.9354
2022-07,2022-07-29,DBC,22.7193,182.5758,yahoo_chart_public,VTI,2022-07-29,194.9618,170.9354
2022-07,2022-07-29,EWJ,51.0040,117.1444,yahoo_chart_public,VTI,2022-07-29,194.9618,170.9354
2022-07,2022-07-29,GLD,164.1000,135.2510,yahoo_chart_public,VTI,2022-07-29,194.9618,170.9354
2022-07,2022-07-29,IEF,92.3110,105.5767,yahoo_chart_public,VTI,2022-07-29,194.9618,170.9354
2022-07,2022-07-29,VEA,38.0557,128.4497,yahoo_chart_public,VTI,2022-07-29,194.9618,170.9354
2022-07,2022-07-29,VNQ,83.9224,152.4795,yahoo_chart_public,VTI,2022-07-29,194.9618,170.9354
2022-07,2022-07-29,VTI,194.9618,170.9354,yahoo_chart_public,VTI,2022-07-29,194.9618,170.9354
2022-07,2022-07-29,VWO,36.4096,118.3384,yahoo_chart_public,VTI,2022-07-29,194.9618,170.9354
2022-08,2022-08-31,BIL,77.5296,102.7112,yahoo_chart_public,VTI,2022-08-31,187.6927,164.5621
2022-08,2022-08-31,BND,65.2289,102.4372,yahoo_chart_public,VTI,2022-08-31,187.6927,164.5621
2022-08,2022-08-31,DBC,22.3799,179.8487,yahoo_chart_public,VTI,2022-08-31,187.6927,164.5621
2022-08,2022-08-31,EWJ,48.6787,111.8035,yahoo_chart_public,VTI,2022-08-31,187.6927,164.5621
2022-08,2022-08-31,GLD,159.2700,131.2701,yahoo_chart_public,VTI,2022-08-31,187.6927,164.5621
2022-08,2022-08-31,IEF,88.7535,101.5080,yahoo_chart_public,VTI,2022-08-31,187.6927,164.5621
2022-08,2022-08-31,VEA,35.8411,120.9748,yahoo_chart_public,VTI,2022-08-31,187.6927,164.5621
2022-08,2022-08-31,VNQ,78.8765,143.3117,yahoo_chart_public,VTI,2022-08-31,187.6927,164.5621
2022-08,2022-08-31,VTI,187.6927,164.5621,yahoo_chart_public,VTI,2022-08-31,187.6927,164.5621
2022-08,2022-08-31,VWO,36.2422,117.7943,yahoo_chart_public,VTI,2022-08-31,187.6927,164.5621
2022-09,2022-09-30,BIL,77.6899,102.9236,yahoo_chart_public,VTI,2022-09-30,170.3677,149.3722
2022-09,2022-09-30,BND,62.5004,98.1522,yahoo_chart_public,VTI,2022-09-30,170.3677,149.3722
2022-09,2022-09-30,DBC,20.8050,167.1921,yahoo_chart_public,VTI,2022-09-30,170.3677,149.3722
2022-09,2022-09-30,EWJ,44.3731,101.9145,yahoo_chart_public,VTI,2022-09-30,170.3677,149.3722
2022-09,2022-09-30,GLD,154.6700,127.4788,yahoo_chart_public,VTI,2022-09-30,170.3677,149.3722
2022-09,2022-09-30,IEF,84.5510,96.7016,yahoo_chart_public,VTI,2022-09-30,170.3677,149.3722
2022-09,2022-09-30,VEA,32.3072,109.0466,yahoo_chart_public,VTI,2022-09-30,170.3677,149.3722
2022-09,2022-09-30,VNQ,68.7241,124.8656,yahoo_chart_public,VTI,2022-09-30,170.3677,149.3722
2022-09,2022-09-30,VTI,170.3677,149.3722,yahoo_chart_public,VTI,2022-09-30,170.3677,149.3722
2022-09,2022-09-30,VWO,32.5881,105.9180,yahoo_chart_public,VTI,2022-09-30,170.3677,149.3722
2022-10,2022-10-31,BIL,77.8131,103.0868,yahoo_chart_public,VTI,2022-10-31,184.1892,161.4904
2022-10,2022-10-31,BND,61.7768,97.0159,yahoo_chart_public,VTI,2022-10-31,184.1892,161.4904
2022-10,2022-10-31,DBC,21.8579,175.6531,yahoo_chart_public,VTI,2022-10-31,184.1892,161.4904
2022-10,2022-10-31,EWJ,45.4086,104.2929,yahoo_chart_public,VTI,2022-10-31,184.1892,161.4904
2022-10,2022-10-31,GLD,151.9100,125.2040,yahoo_chart_public,VTI,2022-10-31,184.1892,161.4904
2022-10,2022-10-31,IEF,83.3217,95.2955,yahoo_chart_public,VTI,2022-10-31,184.1892,161.4904
2022-10,2022-10-31,VEA,34.2708,115.6746,yahoo_chart_public,VTI,2022-10-31,184.1892,161.4904
2022-10,2022-10-31,VNQ,71.1329,129.2422,yahoo_chart_public,VTI,2022-10-31,184.1892,161.4904
2022-10,2022-10-31,VTI,184.1892,161.4904,yahoo_chart_public,VTI,2022-10-31,184.1892,161.4904
2022-10,2022-10-31,VWO,31.6594,102.8992,yahoo_chart_public,VTI,2022-10-31,184.1892,161.4904
2022-11,2022-11-30,BIL,78.0583,103.4117,yahoo_chart_public,VTI,2022-11-30,193.7105,169.8383
2022-11,2022-11-30,BND,64.0415,100.5724,yahoo_chart_public,VTI,2022-11-30,193.7105,169.8383
2022-11,2022-11-30,DBC,22.1798,178.2404,yahoo_chart_public,VTI,2022-11-30,193.7105,169.8383
2022-11,2022-11-30,EWJ,50.6861,116.4142,yahoo_chart_public,VTI,2022-11-30,193.7105,169.8383
2022-11,2022-11-30,GLD,164.8100,135.8361,yahoo_chart_public,VTI,2022-11-30,193.7105,169.8383
2022-11,2022-11-30,IEF,86.3314,98.7378,yahoo_chart_public,VTI,2022-11-30,193.7105,169.8383
2022-11,2022-11-30,VEA,38.5714,130.1901,yahoo_chart_public,VTI,2022-11-30,193.7105,169.8383
2022-11,2022-11-30,VNQ,75.5048,137.1855,yahoo_chart_public,VTI,2022-11-30,193.7105,169.8383
2022-11,2022-11-30,VTI,193.7105,169.8383,yahoo_chart_public,VTI,2022-11-30,193.7105,169.8383
2022-11,2022-11-30,VWO,36.1872,117.6157,yahoo_chart_public,VTI,2022-11-30,193.7105,169.8383
2022-12,2022-12-30,BIL,78.3414,103.7866,yahoo_chart_public,VTI,2022-12-30,182.3683,159.8938
2022-12,2022-12-30,BND,63.5253,99.7617,yahoo_chart_public,VTI,2022-12-30,182.3683,159.8938
2022-12,2022-12-30,DBC,21.5784,173.4074,yahoo_chart_public,VTI,2022-12-30,182.3683,159.8938
2022-12,2022-12-30,EWJ,49.5620,113.8323,yahoo_chart_public,VTI,2022-12-30,182.3683,159.8938
2022-12,2022-12-30,GLD,169.6400,139.8170,yahoo_chart_public,VTI,2022-12-30,182.3683,159.8938
2022-12,2022-12-30,IEF,85.0468,97.2686,yahoo_chart_public,VTI,2022-12-30,182.3683,159.8938
2022-12,2022-12-30,VEA,37.7295,127.3488,yahoo_chart_public,VTI,2022-12-30,182.3683,159.8938
2022-12,2022-12-30,VNQ,71.7036,130.2791,yahoo_chart_public,VTI,2022-12-30,182.3683,159.8938
2022-12,2022-12-30,VTI,182.3683,159.8938,yahoo_chart_public,VTI,2022-12-30,182.3683,159.8938
2022-12,2022-12-30,VWO,35.3805,114.9938,yahoo_chart_public,VTI,2022-12-30,182.3683,159.8938
2023-01,2023-01-31,BIL,78.5640,104.0816,yahoo_chart_public,VTI,2023-01-31,194.9974,170.9666
2023-01,2023-01-31,BND,65.6298,103.0668,yahoo_chart_public,VTI,2023-01-31,194.9974,170.9666
2023-01,2023-01-31,DBC,21.7710,174.9550,yahoo_chart_public,VTI,2023-01-31,194.9974,170.9666
2023-01,2023-01-31,EWJ,53.4130,122.6771,yahoo_chart_public,VTI,2023-01-31,194.9974,170.9666
2023-01,2023-01-31,GLD,179.4100,147.8694,yahoo_chart_public,VTI,2023-01-31,194.9974,170.9666
2023-01,2023-01-31,IEF,88.0924,100.7518,yahoo_chart_public,VTI,2023-01-31,194.9974,170.9666
2023-01,2023-01-31,VEA,41.1366,138.8487,yahoo_chart_public,VTI,2023-01-31,194.9974,170.9666
2023-01,2023-01-31,VNQ,79.1626,143.8314,yahoo_chart_public,VTI,2023-01-31,194.9974,170.9666
2023-01,2023-01-31,VTI,194.9974,170.9666,yahoo_chart_public,VTI,2023-01-31,194.9974,170.9666
2023-01,2023-01-31,VWO,38.3304,124.5815,yahoo_chart_public,VTI,2023-01-31,194.9974,170.9666
2023-02,2023-02-28,BIL,78.8357,104.4415,yahoo_chart_public,VTI,2023-02-28,190.3139,166.8603
2023-02,2023-02-28,BND,63.8801,100.3190,yahoo_chart_public,VTI,2023-02-28,190.3139,166.8603
2023-02,2023-02-28,DBC,20.7993,167.1464,yahoo_chart_public,VTI,2023-02-28,190.3139,166.8603
2023-02,2023-02-28,EWJ,50.9276,116.9687,yahoo_chart_public,VTI,2023-02-28,190.3139,166.8603
2023-02,2023-02-28,GLD,169.7800,139.9324,yahoo_chart_public,VTI,2023-02-28,190.3139,166.8603
2023-02,2023-02-28,IEF,85.2111,97.4565,yahoo_chart_public,VTI,2023-02-28,190.3139,166.8603
2023-02,2023-02-28,VEA,39.7073,134.0242,yahoo_chart_public,VTI,2023-02-28,190.3139,166.8603
2023-02,2023-02-28,VNQ,74.5203,135.3967,yahoo_chart_public,VTI,2023-02-28,190.3139,166.8603
2023-02,2023-02-28,VTI,190.3139,166.8603,yahoo_chart_public,VTI,2023-02-28,190.3139,166.8603
2023-02,2023-02-28,VWO,35.7799,116.2918,yahoo_chart_public,VTI,2023-02-28,190.3139,166.8603
2023-03,2023-03-31,BIL,79.1503,104.8583,yahoo_chart_public,VTI,2023-03-31,195.4659,171.3774
2023-03,2023-03-31,BND,65.5894,103.0033,yahoo_chart_public,VTI,2023-03-31,195.4659,171.3774
2023-03,2023-03-31,DBC,20.7818,167.0057,yahoo_chart_public,VTI,2023-03-31,195.4659,171.3774
2023-03,2023-03-31,EWJ,53.4312,122.7189,yahoo_chart_public,VTI,2023-03-31,195.4659,171.3774
2023-03,2023-03-31,GLD,183.2200,151.0096,yahoo_chart_public,VTI,2023-03-31,195.4659,171.3774
2023-03,2023-03-31,IEF,88.3819,101.0829,yahoo_chart_public,VTI,2023-03-31,195.4659,171.3774
2023-03,2023-03-31,VEA,40.7589,137.5738,yahoo_chart_public,VTI,2023-03-31,195.4659,171.3774
2023-03,2023-03-31,VNQ,72.9140,132.4783,yahoo_chart_public,VTI,2023-03-31,195.4659,171.3774
2023-03,2023-03-31,VTI,195.4659,171.3774,yahoo_chart_public,VTI,2023-03-31,195.4659,171.3774
2023-03,2023-03-31,VWO,36.6959,119.2691,yahoo_chart_public,VTI,2023-03-31,195.4659,171.3774
2023-04,2023-04-28,BIL,79.4377,105.2390,yahoo_chart_public,VTI,2023-04-28,197.5729,173.2247
2023-04,2023-04-28,BND,65.9750,103.6089,yahoo_chart_public,VTI,2023-04-28,197.5729,173.2247
2023-04,2023-04-28,DBC,20.6242,165.7394,yahoo_chart_public,VTI,2023-04-28,197.5729,173.2247
2023-04,2023-04-28,EWJ,53.5677,123.0326,yahoo_chart_public,VTI,2023-04-28,197.5729,173.2247
2023-04,2023-04-28,GLD,184.8000,152.3119,yahoo_chart_public,VTI,2023-04-28,197.5729,173.2247
2023-04,2023-04-28,IEF,89.1020,101.9065,yahoo_chart_public,VTI,2023-04-28,197.5729,173.2247
2023-04,2023-04-28,VEA,41.8327,141.1982,yahoo_chart_public,VTI,2023-04-28,197.5729,173.2247
2023-04,2023-04-28,VNQ,73.1423,132.8931,yahoo_chart_public,VTI,2023-04-28,197.5729,173.2247
2023-04,2023-04-28,VTI,197.5729,173.2247,yahoo_chart_public,VTI,2023-04-28,197.5729,173.2247
2023-04,2023-04-28,VWO,36.5506,118.7967,yahoo_chart_public,VTI,2023-04-28,197.5729,173.2247
2023-05,2023-05-31,BIL,79.7357,105.6338,yahoo_chart_public,VTI,2023-05-31,198.4156,173.9636
2023-05,2023-05-31,BND,65.2072,102.4031,yahoo_chart_public,VTI,2023-05-31,198.4156,173.9636
2023-05,2023-05-31,DBC,19.3024,155.1169,yahoo_chart_public,VTI,2023-05-31,198.4156,173.9636
2023-05,2023-05-31,EWJ,54.0229,124.0780,yahoo_chart_public,VTI,2023-05-31,198.4156,173.9636
2023-05,2023-05-31,GLD,182.3200,150.2679,yahoo_chart_public,VTI,2023-05-31,198.4156,173.9636
2023-05,2023-05-31,IEF,87.8204,100.4407,yahoo_chart_public,VTI,2023-05-31,198.4156,173.9636
2023-05,2023-05-31,VEA,40.2717,135.9292,yahoo_chart_public,VTI,2023-05-31,198.4156,173.9636
2023-05,2023-05-31,VNQ,70.2447,127.6284,yahoo_chart_public,VTI,2023-05-31,198.4156,173.9636
2023-05,2023-05-31,VTI,198.4156,173.9636,yahoo_chart_public,VTI,2023-05-31,198.4156,173.9636
2023-05,2023-05-31,VWO,35.4697,115.2836,yahoo_chart_public,VTI,2023-05-31,198.4156,173.9636
2023-06,2023-06-30,BIL,80.1030,106.1204,yahoo_chart_public,VTI,2023-06-30,211.7664,185.6691
2023-06,2023-06-30,BND,65.0613,102.1740,yahoo_chart_public,VTI,2023-06-30,211.7664,185.6691
2023-06,2023-06-30,DBC,19.8714,159.6895,yahoo_chart_public,VTI,2023-06-30,211.7664,185.6691
2023-06,2023-06-30,EWJ,56.7415,130.3219,yahoo_chart_public,VTI,2023-06-30,211.7664,185.6691
2023-06,2023-06-30,GLD,178.2700,146.9299,yahoo_chart_public,VTI,2023-06-30,211.7664,185.6691
2023-06,2023-06-30,IEF,86.7180,99.1800,yahoo_chart_public,VTI,2023-06-30,211.7664,185.6691
2023-06,2023-06-30,VEA,42.0553,141.9495,yahoo_chart_public,VTI,2023-06-30,211.7664,185.6691
2023-06,2023-06-30,VNQ,74.1991,134.8132,yahoo_chart_public,VTI,2023-06-30,211.7664,185.6691
2023-06,2023-06-30,VTI,211.7664,185.6691,yahoo_chart_public,VTI,2023-06-30,211.7664,185.6691
2023-06,2023-06-30,VWO,37.1513,120.7493,yahoo_chart_public,VTI,2023-06-30,211.7664,185.6691
2023-07,2023-07-31,BIL,80.4122,106.5301,yahoo_chart_public,VTI,2023-07-31,219.5246,192.4711
2023-07,2023-07-31,BND,64.9841,102.0528,yahoo_chart_public,VTI,2023-07-31,219.5246,192.4711
2023-07,2023-07-31,DBC,21.6047,173.6184,yahoo_chart_public,VTI,2023-07-31,219.5246,192.4711
2023-07,2023-07-31,EWJ,58.1348,133.5221,yahoo_chart_public,VTI,2023-07-31,219.5246,192.4711
2023-07,2023-07-31,GLD,182.3500,150.2926,yahoo_chart_public,VTI,2023-07-31,219.5246,192.4711
2023-07,2023-07-31,IEF,86.1529,98.5336,yahoo_chart_public,VTI,2023-07-31,219.5246,192.4711
2023-07,2023-07-31,VEA,43.3758,146.4066,yahoo_chart_public,VTI,2023-07-31,219.5246,192.4711
2023-07,2023-07-31,VNQ,75.7087,137.5559,yahoo_chart_public,VTI,2023-07-31,219.5246,192.4711
2023-07,2023-07-31,VTI,219.5246,192.4711,yahoo_chart_public,VTI,2023-07-31,219.5246,192.4711
2023-07,2023-07-31,VWO,39.3340,127.8434,yahoo_chart_public,VTI,2023-07-31,219.5246,192.4711
2023-08,2023-08-31,BIL,80.8116,107.0592,yahoo_chart_public,VTI,2023-08-31,215.2850,188.7540
2023-08,2023-08-31,BND,64.5550,101.3789,yahoo_chart_public,VTI,2023-08-31,215.2850,188.7540
2023-08,2023-08-31,DBC,21.5259,172.9853,yahoo_chart_public,VTI,2023-08-31,215.2850,188.7540
2023-08,2023-08-31,EWJ,56.5032,129.7745,yahoo_chart_public,VTI,2023-08-31,215.2850,188.7540
2023-08,2023-08-31,GLD,180.0200,148.3722,yahoo_chart_public,VTI,2023-08-31,215.2850,188.7540
2023-08,2023-08-31,IEF,85.5232,97.8134,yahoo_chart_public,VTI,2023-08-31,215.2850,188.7540
2023-08,2023-08-31,VEA,41.6637,140.6277,yahoo_chart_public,VTI,2023-08-31,215.2850,188.7540
2023-08,2023-08-31,VNQ,73.1513,132.9094,yahoo_chart_public,VTI,2023-08-31,215.2850,188.7540
2023-08,2023-08-31,VTI,215.2850,188.7540,yahoo_chart_public,VTI,2023-08-31,215.2850,188.7540
2023-08,2023-08-31,VWO,37.0143,120.3040,yahoo_chart_public,VTI,2023-08-31,215.2850,188.7540
2023-09,2023-09-29,BIL,81.1341,107.4865,yahoo_chart_public,VTI,2023-09-29,204.9490,179.6918
2023-09,2023-09-29,BND,62.9545,98.8654,yahoo_chart_public,VTI,2023-09-29,204.9490,179.6918
2023-09,2023-09-29,DBC,21.8498,175.5881,yahoo_chart_public,VTI,2023-09-29,204.9490,179.6918
2023-09,2023-09-29,EWJ,55.2657,126.9323,yahoo_chart_public,VTI,2023-09-29,204.9490,179.6918
2023-09,2023-09-29,GLD,171.4500,141.3088,yahoo_chart_public,VTI,2023-09-29,204.9490,179.6918
2023-09,2023-09-29,IEF,82.8388,94.7433,yahoo_chart_public,VTI,2023-09-29,204.9490,179.6918
2023-09,2023-09-29,VEA,40.0868,135.3053,yahoo_chart_public,VTI,2023-09-29,204.9490,179.6918
2023-09,2023-09-29,VNQ,67.8378,123.2552,yahoo_chart_public,VTI,2023-09-29,204.9490,179.6918
2023-09,2023-09-29,VTI,204.9490,179.6918,yahoo_chart_public,VTI,2023-09-29,204.9490,179.6918
2023-09,2023-09-29,VWO,36.1009,117.3352,yahoo_chart_public,VTI,2023-09-29,204.9490,179.6918
2023-10,2023-10-31,BIL,81.4837,107.9497,yahoo_chart_public,VTI,2023-10-31,199.5264,174.9374
2023-10,2023-10-31,BND,61.9974,97.3623,yahoo_chart_public,VTI,2023-10-31,199.5264,174.9374
2023-10,2023-10-31,DBC,21.4559,172.4225,yahoo_chart_public,VTI,2023-10-31,199.5264,174.9374
2023-10,2023-10-31,EWJ,54.0465,124.1322,yahoo_chart_public,VTI,2023-10-31,199.5264,174.9374
2023-10,2023-10-31,GLD,184.0900,151.7267,yahoo_chart_public,VTI,2023-10-31,199.5264,174.9374
2023-10,2023-10-31,IEF,81.2419,92.9169,yahoo_chart_public,VTI,2023-10-31,199.5264,174.9374
2023-10,2023-10-31,VEA,38.7298,130.7250,yahoo_chart_public,VTI,2023-10-31,199.5264,174.9374
2023-10,2023-10-31,VNQ,65.3811,118.7916,yahoo_chart_public,VTI,2023-10-31,199.5264,174.9374
2023-10,2023-10-31,VTI,199.5264,174.9374,yahoo_chart_public,VTI,2023-10-31,199.5264,174.9374
2023-10,2023-10-31,VWO,34.9316,113.5348,yahoo_chart_public,VTI,2023-10-31,199.5264,174.9374
2023-11,2023-11-30,BIL,81.8653,108.4551,yahoo_chart_public,VTI,2023-11-30,218.3125,191.4084
2023-11,2023-11-30,BND,64.8129,101.7839,yahoo_chart_public,VTI,2023-11-30,218.3125,191.4084
2023-11,2023-11-30,DBC,20.9306,168.2016,yahoo_chart_public,VTI,2023-11-30,218.3125,191.4084
2023-11,2023-11-30,EWJ,57.3923,131.8167,yahoo_chart_public,VTI,2023-11-30,218.3125,191.4084
2023-11,2023-11-30,GLD,188.7500,155.5675,yahoo_chart_public,VTI,2023-11-30,218.3125,191.4084
2023-11,2023-11-30,IEF,84.9420,97.1487,yahoo_chart_public,VTI,2023-11-30,218.3125,191.4084
2023-11,2023-11-30,VEA,42.1407,142.2377,yahoo_chart_public,VTI,2023-11-30,218.3125,191.4084
2023-11,2023-11-30,VNQ,73.2802,133.1437,yahoo_chart_public,VTI,2023-11-30,218.3125,191.4084
2023-11,2023-11-30,VTI,218.3125,191.4084,yahoo_chart_public,VTI,2023-11-30,218.3125,191.4084
2023-11,2023-11-30,VWO,37.4083,121.5845,yahoo_chart_public,VTI,2023-11-30,218.3125,191.4084
2023-12,2023-12-29,BIL,82.2153,108.9188,yahoo_chart_public,VTI,2023-12-29,229.8697,201.5414
2023-12,2023-12-29,BND,67.1172,105.4026,yahoo_chart_public,VTI,2023-12-29,229.8697,201.5414
2023-12,2023-12-29,DBC,20.2417,162.6656,yahoo_chart_public,VTI,2023-12-29,229.8697,201.5414
2023-12,2023-12-29,EWJ,59.6197,136.9326,yahoo_chart_public,VTI,2023-12-29,229.8697,201.5414
2023-12,2023-12-29,GLD,191.1700,157.5620,yahoo_chart_public,VTI,2023-12-29,229.8697,201.5414
2023-12,2023-12-29,IEF,88.1463,100.8135,yahoo_chart_public,VTI,2023-12-29,229.8697,201.5414
2023-12,2023-12-29,VEA,44.4957,150.1867,yahoo_chart_public,VTI,2023-12-29,229.8697,201.5414
2023-12,2023-12-29,VNQ,80.2018,145.7195,yahoo_chart_public,VTI,2023-12-29,229.8697,201.5414
2023-12,2023-12-29,VTI,229.8697,201.5414,yahoo_chart_public,VTI,2023-12-29,229.8697,201.5414
2023-12,2023-12-29,VWO,38.6552,125.6371,yahoo_chart_public,VTI,2023-12-29,229.8697,201.5414
2024-01,2024-01-31,BIL,82.5661,109.3836,yahoo_chart_public,VTI,2024-01-31,232.4376,203.7928
2024-01,2024-01-31,BND,67.0077,105.2307,yahoo_chart_public,VTI,2024-01-31,232.4376,203.7928
2024-01,2024-01-31,DBC,20.5081,164.8060,yahoo_chart_public,VTI,2024-01-31,232.4376,203.7928
2024-01,2024-01-31,EWJ,61.5438,141.3518,yahoo_chart_public,VTI,2024-01-31,232.4376,203.7928
2024-01,2024-01-31,GLD,188.4500,155.3202,yahoo_chart_public,VTI,2024-01-31,232.4376,203.7928
2024-01,2024-01-31,IEF,88.2103,100.8867,yahoo_chart_public,VTI,2024-01-31,232.4376,203.7928
2024-01,2024-01-31,VEA,44.0127,148.5563,yahoo_chart_public,VTI,2024-01-31,232.4376,203.7928
2024-01,2024-01-31,VNQ,76.1445,138.3478,yahoo_chart_public,VTI,2024-01-31,232.4376,203.7928
2024-01,2024-01-31,VTI,232.4376,203.7928,yahoo_chart_public,VTI,2024-01-31,232.4376,203.7928
2024-01,2024-01-31,VWO,37.2821,121.1741,yahoo_chart_public,VTI,2024-01-31,232.4376,203.7928
2024-02,2024-02-29,BIL,82.9330,109.8696,yahoo_chart_public,VTI,2024-02-29,244.7538,214.5911
2024-02,2024-02-29,BND,66.0944,103.7963,yahoo_chart_public,VTI,2024-02-29,244.7538,214.5911
2024-02,2024-02-29,DBC,20.1958,162.2966,yahoo_chart_public,VTI,2024-02-29,244.7538,214.5911
2024-02,2024-02-29,EWJ,64.2488,147.5644,yahoo_chart_public,VTI,2024-02-29,244.7538,214.5911
2024-02,2024-02-29,GLD,189.3100,156.0290,yahoo_chart_public,VTI,2024-02-29,244.7538,214.5911
2024-02,2024-02-29,IEF,86.3732,98.7855,yahoo_chart_public,VTI,2024-02-29,244.7538,214.5911
2024-02,2024-02-29,VEA,45.2203,152.6323,yahoo_chart_public,VTI,2024-02-29,244.7538,214.5911
2024-02,2024-02-29,VNQ,77.6512,141.0854,yahoo_chart_public,VTI,2024-02-29,244.7538,214.5911
2024-02,2024-02-29,VTI,244.7538,214.5911,yahoo_chart_public,VTI,2024-02-29,244.7538,214.5911
2024-02,2024-02-29,VWO,38.5800,125.3926,yahoo_chart_public,VTI,2024-02-29,244.7538,214.5911
2024-03,2024-03-28,BIL,83.2731,110.3202,yahoo_chart_public,VTI,2024-03-28,252.7320,221.5862
2024-03,2024-03-28,BND,66.6560,104.6784,yahoo_chart_public,VTI,2024-03-28,252.7320,221.5862
2024-03,2024-03-28,DBC,21.0958,169.5295,yahoo_chart_public,VTI,2024-03-28,252.7320,221.5862
2024-03,2024-03-28,EWJ,66.3216,152.3252,yahoo_chart_public,VTI,2024-03-28,252.7320,221.5862
2024-03,2024-03-28,GLD,205.7200,169.5541,yahoo_chart_public,VTI,2024-03-28,252.7320,221.5862
2024-03,2024-03-28,IEF,87.0065,99.5099,yahoo_chart_public,VTI,2024-03-28,252.7320,221.5862
2024-03,2024-03-28,VEA,46.8746,158.2163,yahoo_chart_public,VTI,2024-03-28,252.7320,221.5862
2024-03,2024-03-28,VNQ,79.1662,143.8381,yahoo_chart_public,VTI,2024-03-28,252.7320,221.5862
2024-03,2024-03-28,VTI,252.7320,221.5862,yahoo_chart_public,VTI,2024-03-28,252.7320,221.5862
2024-03,2024-03-28,VWO,39.3221,127.8046,yahoo_chart_public,VTI,2024-03-28,252.7320,221.5862
2024-04,2024-04-30,BIL,83.6330,110.7970,yahoo_chart_public,VTI,2024-04-30,241.7534,211.9605
2024-04,2024-04-30,BND,65.0507,102.1573,yahoo_chart_public,VTI,2024-04-30,241.7534,211.9605
2024-04,2024-04-30,DBC,21.4357,172.2602,yahoo_chart_public,VTI,2024-04-30,241.7534,211.9605
2024-04,2024-04-30,EWJ,62.5291,143.6148,yahoo_chart_public,VTI,2024-04-30,241.7534,211.9605
2024-04,2024-04-30,GLD,211.8700,174.6229,yahoo_chart_public,VTI,2024-04-30,241.7534,211.9605
2024-04,2024-04-30,IEF,84.2834,96.3954,yahoo_chart_public,VTI,2024-04-30,241.7534,211.9605
2024-04,2024-04-30,VEA,45.2770,152.8236,yahoo_chart_public,VTI,2024-04-30,241.7534,211.9605
2024-04,2024-04-30,VNQ,72.8772,132.4115,yahoo_chart_public,VTI,2024-04-30,241.7534,211.9605
2024-04,2024-04-30,VTI,241.7534,211.9605,yahoo_chart_public,VTI,2024-04-30,241.7534,211.9605
2024-04,2024-04-30,VWO,39.6986,129.0285,yahoo_chart_public,VTI,2024-04-30,241.7534,211.9605
2024-05,2024-05-31,BIL,84.0155,111.3037,yahoo_chart_public,VTI,2024-05-31,253.2571,222.0466
2024-05,2024-05-31,BND,66.1439,103.8741,yahoo_chart_public,VTI,2024-05-31,253.2571,222.0466
2024-05,2024-05-31,DBC,21.3714,171.7436,yahoo_chart_public,VTI,2024-05-31,253.2571,222.0466
2024-05,2024-05-31,EWJ,64.1093,147.2441,yahoo_chart_public,VTI,2024-05-31,253.2571,222.0466
2024-05,2024-05-31,GLD,215.3000,177.4499,yahoo_chart_public,VTI,2024-05-31,253.2571,222.0466
2024-05,2024-05-31,IEF,85.8006,98.1307,yahoo_chart_public,VTI,2024-05-31,253.2571,222.0466
2024-05,2024-05-31,VEA,47.3885,159.9508,yahoo_chart_public,VTI,2024-05-31,253.2571,222.0466
2024-05,2024-05-31,VNQ,76.2002,138.4491,yahoo_chart_public,VTI,2024-05-31,253.2571,222.0466
2024-05,2024-05-31,VTI,253.2571,222.0466,yahoo_chart_public,VTI,2024-05-31,253.2571,222.0466
2024-05,2024-05-31,VWO,40.5553,131.8128,yahoo_chart_public,VTI,2024-05-31,253.2571,222.0466
2024-06,2024-06-28,BIL,84.3510,111.7481,yahoo_chart_public,VTI,2024-06-28,261.0547,228.8832
2024-06,2024-06-28,BND,66.7264,104.7889,yahoo_chart_public,VTI,2024-06-28,261.0547,228.8832
2024-06,2024-06-28,DBC,21.3346,171.4484,yahoo_chart_public,VTI,2024-06-28,261.0547,228.8832
2024-06,2024-06-28,EWJ,63.8998,146.7630,yahoo_chart_public,VTI,2024-06-28,261.0547,228.8832
2024-06,2024-06-28,GLD,215.0100,177.2109,yahoo_chart_public,VTI,2024-06-28,261.0547,228.8832
2024-06,2024-06-28,IEF,86.8447,99.3249,yahoo_chart_public,VTI,2024-06-28,261.0547,228.8832
2024-06,2024-06-28,VEA,46.6046,157.3049,yahoo_chart_public,VTI,2024-06-28,261.0547,228.8832
2024-06,2024-06-28,VNQ,77.6294,141.0458,yahoo_chart_public,VTI,2024-06-28,261.0547,228.8832
2024-06,2024-06-28,VTI,261.0547,228.8832,yahoo_chart_public,VTI,2024-06-28,261.0547,228.8832
2024-06,2024-06-28,VWO,41.3543,134.4096,yahoo_chart_public,VTI,2024-06-28,261.0547,228.8832
2024-07,2024-07-31,BIL,84.7312,112.2519,yahoo_chart_public,VTI,2024-07-31,265.9926,233.2126
2024-07,2024-07-31,BND,68.2972,107.2558,yahoo_chart_public,VTI,2024-07-31,265.9926,233.2126
2024-07,2024-07-31,DBC,20.7377,166.6511,yahoo_chart_public,VTI,2024-07-31,265.9926,233.2126
2024-07,2024-07-31,EWJ,66.4562,152.6344,yahoo_chart_public,VTI,2024-07-31,265.9926,233.2126
2024-07,2024-07-31,GLD,226.5500,186.7222,yahoo_chart_public,VTI,2024-07-31,265.9926,233.2126
2024-07,2024-07-31,IEF,89.3609,102.2026,yahoo_chart_public,VTI,2024-07-31,265.9926,233.2126
2024-07,2024-07-31,VEA,48.0098,162.0476,yahoo_chart_public,VTI,2024-07-31,265.9926,233.2126
2024-07,2024-07-31,VNQ,83.7927,152.2440,yahoo_chart_public,VTI,2024-07-31,265.9926,233.2126
2024-07,2024-07-31,VTI,265.9926,233.2126,yahoo_chart_public,VTI,2024-07-31,265.9926,233.2126
2024-07,2024-07-31,VWO,41.8551,136.0375,yahoo_chart_public,VTI,2024-07-31,265.9926,233.2126
2024-08,2024-08-30,BIL,85.1224,112.7702,yahoo_chart_public,VTI,2024-08-30,271.6624,238.1837
2024-08,2024-08-30,BND,69.2887,108.8128,yahoo_chart_public,VTI,2024-08-30,271.6624,238.1837
2024-08,2024-08-30,DBC,20.3060,163.1823,yahoo_chart_public,VTI,2024-08-30,271.6624,238.1837
2024-08,2024-08-30,EWJ,67.3926,154.7851,yahoo_chart_public,VTI,2024-08-30,271.6624,238.1837
2024-08,2024-08-30,GLD,231.2900,190.6289,yahoo_chart_public,VTI,2024-08-30,271.6624,238.1837
2024-08,2024-08-30,IEF,90.5634,103.5780,yahoo_chart_public,VTI,2024-08-30,271.6624,238.1837
2024-08,2024-08-30,VEA,49.4054,166.7585,yahoo_chart_public,VTI,2024-08-30,271.6624,238.1837
2024-08,2024-08-30,VNQ,88.1673,160.1921,yahoo_chart_public,VTI,2024-08-30,271.6624,238.1837
2024-08,2024-08-30,VTI,271.6624,238.1837,yahoo_chart_public,VTI,2024-08-30,271.6624,238.1837
2024-08,2024-08-30,VWO,42.2615,137.3582,yahoo_chart_public,VTI,2024-08-30,271.6624,238.1837
2024-09,2024-09-30,BIL,85.4818,113.2463,yahoo_chart_public,VTI,2024-09-30,277.1795,243.0209
2024-09,2024-09-30,BND,70.2009,110.2453,yahoo_chart_public,VTI,2024-09-30,277.1795,243.0209
2024-09,2024-09-30,DBC,20.4530,164.3631,yahoo_chart_public,VTI,2024-09-30,277.1795,243.0209
2024-09,2024-09-30,EWJ,66.9900,153.8603,yahoo_chart_public,VTI,2024-09-30,277.1795,243.0209
2024-09,2024-09-30,GLD,243.0600,200.3297,yahoo_chart_public,VTI,2024-09-30,277.1795,243.0209
2024-09,2024-09-30,IEF,91.8155,105.0100,yahoo_chart_public,VTI,2024-09-30,277.1795,243.0209
2024-09,2024-09-30,VEA,49.9383,168.5571,yahoo_chart_public,VTI,2024-09-30,277.1795,243.0209
2024-09,2024-09-30,VNQ,91.0500,165.4298,yahoo_chart_public,VTI,2024-09-30,277.1795,243.0209
2024-09,2024-09-30,VTI,277.1795,243.0209,yahoo_chart_public,VTI,2024-09-30,277.1795,243.0209
2024-09,2024-09-30,VWO,45.3531,147.4067,yahoo_chart_public,VTI,2024-09-30,277.1795,243.0209
2024-10,2024-10-31,BIL,85.8193,113.6934,yahoo_chart_public,VTI,2024-10-31,275.0945,241.1928
2024-10,2024-10-31,BND,68.4770,107.5381,yahoo_chart_public,VTI,2024-10-31,275.0945,241.1928
2024-10,2024-10-31,DBC,20.7469,166.7249,yahoo_chart_public,VTI,2024-10-31,275.0945,241.1928
2024-10,2024-10-31,EWJ,63.7407,146.3974,yahoo_chart_public,VTI,2024-10-31,275.0945,241.1928
2024-10,2024-10-31,GLD,253.5100,208.9425,yahoo_chart_public,VTI,2024-10-31,275.0945,241.1928
2024-10,2024-10-31,IEF,88.7054,101.4529,yahoo_chart_public,VTI,2024-10-31,275.0945,241.1928
2024-10,2024-10-31,VEA,47.3757,159.9074,yahoo_chart_public,VTI,2024-10-31,275.0945,241.1928
2024-10,2024-10-31,VNQ,87.9938,159.8770,yahoo_chart_public,VTI,2024-10-31,275.0945,241.1928
2024-10,2024-10-31,VTI,275.0945,241.1928,yahoo_chart_public,VTI,2024-10-31,275.0945,241.1928
2024-10,2024-10-31,VWO,44.1399,143.4635,yahoo_chart_public,VTI,2024-10-31,275.0945,241.1928
2024-11,2024-11-29,BIL,86.1375,114.1149,yahoo_chart_public,VTI,2024-11-29,293.5268,257.3535
2024-11,2024-11-29,BND,69.2086,108.6870,yahoo_chart_public,VTI,2024-11-29,293.5268,257.3535
2024-11,2024-11-29,DBC,20.3336,163.4037,yahoo_chart_public,VTI,2024-11-29,293.5268,257.3535
2024-11,2024-11-29,EWJ,65.2576,149.8815,yahoo_chart_public,VTI,2024-11-29,293.5268,257.3535
2024-11,2024-11-29,GLD,245.5900,202.4149,yahoo_chart_public,VTI,2024-11-29,293.5268,257.3535
2024-11,2024-11-29,IEF,89.6110,102.4886,yahoo_chart_public,VTI,2024-11-29,293.5268,257.3535
2024-11,2024-11-29,VEA,47.5648,160.5457,yahoo_chart_public,VTI,2024-11-29,293.5268,257.3535
2024-11,2024-11-29,VNQ,91.7416,166.6865,yahoo_chart_public,VTI,2024-11-29,293.5268,257.3535
2024-11,2024-11-29,VTI,293.5268,257.3535,yahoo_chart_public,VTI,2024-11-29,293.5268,257.3535
2024-11,2024-11-29,VWO,43.1921,140.3829,yahoo_chart_public,VTI,2024-11-29,293.5268,257.3535
2024-12,2024-12-31,BIL,86.4847,114.5749,yahoo_chart_public,VTI,2024-12-31,284.6022,249.5288
2024-12,2024-12-31,BND,68.0452,106.8600,yahoo_chart_public,VTI,2024-12-31,284.6022,249.5288
2024-12,2024-12-31,DBC,20.6839,166.2187,yahoo_chart_public,VTI,2024-12-31,284.6022,249.5288
2024-12,2024-12-31,EWJ,63.8138,146.5654,yahoo_chart_public,VTI,2024-12-31,284.6022,249.5288
2024-12,2024-12-31,GLD,242.1300,199.5632,yahoo_chart_public,VTI,2024-12-31,284.6022,249.5288
2024-12,2024-12-31,IEF,87.5872,100.1741,yahoo_chart_public,VTI,2024-12-31,284.6022,249.5288
2024-12,2024-12-31,VEA,45.8972,154.9170,yahoo_chart_public,VTI,2024-12-31,284.6022,249.5288
2024-12,2024-12-31,VNQ,84.0609,152.7312,yahoo_chart_public,VTI,2024-12-31,284.6022,249.5288
2024-12,2024-12-31,VTI,284.6022,249.5288,yahoo_chart_public,VTI,2024-12-31,284.6022,249.5288
2024-12,2024-12-31,VWO,42.7497,138.9450,yahoo_chart_public,VTI,2024-12-31,284.6022,249.5288
2025-01,2025-01-31,BIL,86.7874,114.9760,yahoo_chart_public,VTI,2025-01-31,293.2343,257.0971
2025-01,2025-01-31,BND,68.4521,107.4990,yahoo_chart_public,VTI,2025-01-31,293.2343,257.0971
2025-01,2025-01-31,DBC,21.2547,170.8056,yahoo_chart_public,VTI,2025-01-31,293.2343,257.0971
2025-01,2025-01-31,EWJ,64.9646,149.2084,yahoo_chart_public,VTI,2025-01-31,293.2343,257.0971
2025-01,2025-01-31,GLD,258.5600,213.1048,yahoo_chart_public,VTI,2025-01-31,293.2343,257.0971
2025-01,2025-01-31,IEF,88.1272,100.7917,yahoo_chart_public,VTI,2025-01-31,293.2343,257.0971
2025-01,2025-01-31,VEA,47.9319,161.7850,yahoo_chart_public,VTI,2025-01-31,293.2343,257.0971
2025-01,2025-01-31,VNQ,85.4480,155.2515,yahoo_chart_public,VTI,2025-01-31,293.2343,257.0971
2025-01,2025-01-31,VTI,293.2343,257.0971,yahoo_chart_public,VTI,2025-01-31,293.2343,257.0971
2025-01,2025-01-31,VWO,43.0991,140.0808,yahoo_chart_public,VTI,2025-01-31,293.2343,257.0971
2025-02,2025-02-28,BIL,87.0684,115.3482,yahoo_chart_public,VTI,2025-02-28,287.6956,252.2410
2025-02,2025-02-28,BND,69.9283,109.8173,yahoo_chart_public,VTI,2025-02-28,287.6956,252.2410
2025-02,2025-02-28,DBC,21.2837,171.0389,yahoo_chart_public,VTI,2025-02-28,287.6956,252.2410
2025-02,2025-02-28,EWJ,65.1167,149.5579,yahoo_chart_public,VTI,2025-02-28,287.6956,252.2410
2025-02,2025-02-28,GLD,263.2700,216.9867,yahoo_chart_public,VTI,2025-02-28,287.6956,252.2410
2025-02,2025-02-28,IEF,90.5945,103.6135,yahoo_chart_public,VTI,2025-02-28,287.6956,252.2410
2025-02,2025-02-28,VEA,49.0165,165.4457,yahoo_chart_public,VTI,2025-02-28,287.6956,252.2410
2025-02,2025-02-28,VNQ,88.6093,160.9952,yahoo_chart_public,VTI,2025-02-28,287.6956,252.2410
2025-02,2025-02-28,VTI,287.6956,252.2410,yahoo_chart_public,VTI,2025-02-28,287.6956,252.2410
2025-02,2025-02-28,VWO,43.4195,141.1220,yahoo_chart_public,VTI,2025-02-28,287.6956,252.2410
2025-03,2025-03-31,BIL,87.3531,115.7254,yahoo_chart_public,VTI,2025-03-31,270.8501,237.4715
2025-03,2025-03-31,BND,69.9369,109.8307,yahoo_chart_public,VTI,2025-03-31,270.8501,237.4715
2025-03,2025-03-31,DBC,21.7674,174.9261,yahoo_chart_public,VTI,2025-03-31,270.8501,237.4715
2025-03,2025-03-31,EWJ,65.2023,149.7545,yahoo_chart_public,VTI,2025-03-31,270.8501,237.4715
2025-03,2025-03-31,GLD,288.1400,237.4846,yahoo_chart_public,VTI,2025-03-31,270.8501,237.4715
2025-03,2025-03-31,IEF,90.9043,103.9678,yahoo_chart_public,VTI,2025-03-31,270.8501,237.4715
2025-03,2025-03-31,VEA,49.0117,165.4296,yahoo_chart_public,VTI,2025-03-31,270.8501,237.4715
2025-03,2025-03-31,VNQ,86.3163,156.8290,yahoo_chart_public,VTI,2025-03-31,270.8501,237.4715
2025-03,2025-03-31,VTI,270.8501,237.4715,yahoo_chart_public,VTI,2025-03-31,270.8501,237.4715
2025-03,2025-03-31,VWO,43.9786,142.9394,yahoo_chart_public,VTI,2025-03-31,270.8501,237.4715
2025-04,2025-04-30,BIL,87.6503,116.1192,yahoo_chart_public,VTI,2025-04-30,268.8594,235.7261
2025-04,2025-04-30,BND,70.2139,110.2658,yahoo_chart_public,VTI,2025-04-30,268.8594,235.7261
2025-04,2025-04-30,DBC,19.9002,159.9213,yahoo_chart_public,VTI,2025-04-30,268.8594,235.7261
2025-04,2025-04-30,EWJ,67.9318,156.0234,yahoo_chart_public,VTI,2025-04-30,268.8594,235.7261
2025-04,2025-04-30,GLD,303.7700,250.3668,yahoo_chart_public,VTI,2025-04-30,268.8594,235.7261
2025-04,2025-04-30,IEF,91.8643,105.0659,yahoo_chart_public,VTI,2025-04-30,268.8594,235.7261
2025-04,2025-04-30,VEA,50.9787,172.0689,yahoo_chart_public,VTI,2025-04-30,268.8594,235.7261
2025-04,2025-04-30,VNQ,84.2094,153.0010,yahoo_chart_public,VTI,2025-04-30,268.8594,235.7261
2025-04,2025-04-30,VTI,268.8594,235.7261,yahoo_chart_public,VTI,2025-04-30,268.8594,235.7261
2025-04,2025-04-30,VWO,43.9689,142.9078,yahoo_chart_public,VTI,2025-04-30,268.8594,235.7261
2025-05,2025-05-30,BIL,87.9687,116.5409,yahoo_chart_public,VTI,2025-05-30,285.6718,250.4666
2025-05,2025-05-30,BND,69.7405,109.5223,yahoo_chart_public,VTI,2025-05-30,285.6718,250.4666
2025-05,2025-05-30,DBC,20.2001,162.3314,yahoo_chart_public,VTI,2025-05-30,285.6718,250.4666
2025-05,2025-05-30,EWJ,70.4900,161.8991,yahoo_chart_public,VTI,2025-05-30,285.6718,250.4666
2025-05,2025-05-30,GLD,303.6000,250.2267,yahoo_chart_public,VTI,2025-05-30,285.6718,250.4666
2025-05,2025-05-30,IEF,90.7256,103.7635,yahoo_chart_public,VTI,2025-05-30,285.6718,250.4666
2025-05,2025-05-30,VEA,53.5918,180.8888,yahoo_chart_public,VTI,2025-05-30,285.6718,250.4666
2025-05,2025-05-30,VNQ,85.1532,154.7158,yahoo_chart_public,VTI,2025-05-30,285.6718,250.4666
2025-05,2025-05-30,VTI,285.6718,250.4666,yahoo_chart_public,VTI,2025-05-30,285.6718,250.4666
2025-05,2025-05-30,VWO,45.6694,148.4346,yahoo_chart_public,VTI,2025-05-30,285.6718,250.4666
2025-06,2025-06-30,BIL,88.2631,116.9310,yahoo_chart_public,VTI,2025-06-30,300.4221,263.3991
2025-06,2025-06-30,BND,70.7982,111.1833,yahoo_chart_public,VTI,2025-06-30,300.4221,263.3991
2025-06,2025-06-30,DBC,21.0999,169.5617,yahoo_chart_public,VTI,2025-06-30,300.4221,263.3991
2025-06,2025-06-30,EWJ,71.8755,165.0813,yahoo_chart_public,VTI,2025-06-30,300.4221,263.3991
2025-06,2025-06-30,GLD,304.8300,251.2404,yahoo_chart_public,VTI,2025-06-30,300.4221,263.3991
2025-06,2025-06-30,IEF,92.1790,105.4257,yahoo_chart_public,VTI,2025-06-30,300.4221,263.3991
2025-06,2025-06-30,VEA,55.4078,187.0185,yahoo_chart_public,VTI,2025-06-30,300.4221,263.3991
2025-06,2025-06-30,VNQ,85.7395,155.7810,yahoo_chart_public,VTI,2025-06-30,300.4221,263.3991
2025-06,2025-06-30,VTI,300.4221,263.3991,yahoo_chart_public,VTI,2025-06-30,300.4221,263.3991
2025-06,2025-06-30,VWO,48.1989,156.6560,yahoo_chart_public,VTI,2025-06-30,300.4221,263.3991
2025-07,2025-07-31,BIL,88.5779,117.3479,yahoo_chart_public,VTI,2025-07-31,307.3018,269.4310
2025-07,2025-07-31,BND,70.6101,110.8879,yahoo_chart_public,VTI,2025-07-31,307.3018,269.4310
2025-07,2025-07-31,DBC,21.7190,174.5374,yahoo_chart_public,VTI,2025-07-31,307.3018,269.4310
2025-07,2025-07-31,EWJ,70.5813,162.1087,yahoo_chart_public,VTI,2025-07-31,307.3018,269.4310
2025-07,2025-07-31,GLD,302.9600,249.6992,yahoo_chart_public,VTI,2025-07-31,307.3018,269.4310
2025-07,2025-07-31,IEF,91.6315,104.7995,yahoo_chart_public,VTI,2025-07-31,307.3018,269.4310
2025-07,2025-07-31,VEA,54.6400,184.4269,yahoo_chart_public,VTI,2025-07-31,307.3018,269.4310
2025-07,2025-07-31,VNQ,85.8165,155.9209,yahoo_chart_public,VTI,2025-07-31,307.3018,269.4310
2025-07,2025-07-31,VTI,307.3018,269.4310,yahoo_chart_public,VTI,2025-07-31,307.3018,269.4310
2025-07,2025-07-31,VWO,48.5302,157.7329,yahoo_chart_public,VTI,2025-07-31,307.3018,269.4310
2025-08,2025-08-29,BIL,88.9063,117.7830,yahoo_chart_public,VTI,2025-08-29,314.5274,275.7661
2025-08,2025-08-29,BND,71.4250,112.1677,yahoo_chart_public,VTI,2025-08-29,314.5274,275.7661
2025-08,2025-08-29,DBC,21.4868,172.6715,yahoo_chart_public,VTI,2025-08-29,314.5274,275.7661
2025-08,2025-08-29,EWJ,75.0489,172.3698,yahoo_chart_public,VTI,2025-08-29,314.5274,275.7661
2025-08,2025-08-29,GLD,318.0700,262.1528,yahoo_chart_public,VTI,2025-08-29,314.5274,275.7661
2025-08,2025-08-29,IEF,93.1418,106.5268,yahoo_chart_public,VTI,2025-08-29,314.5274,275.7661
2025-08,2025-08-29,VEA,57.0601,192.5952,yahoo_chart_public,VTI,2025-08-29,314.5274,275.7661
2025-08,2025-08-29,VNQ,88.8009,161.3434,yahoo_chart_public,VTI,2025-08-29,314.5274,275.7661
2025-08,2025-08-29,VTI,314.5274,275.7661,yahoo_chart_public,VTI,2025-08-29,314.5274,275.7661
2025-08,2025-08-29,VWO,50.2161,163.2123,yahoo_chart_public,VTI,2025-08-29,314.5274,275.7661
2025-09,2025-09-30,BIL,89.1999,118.1720,yahoo_chart_public,VTI,2025-09-30,325.2841,285.1972
2025-09,2025-09-30,BND,72.2144,113.4074,yahoo_chart_public,VTI,2025-09-30,325.2841,285.1972
2025-09,2025-09-30,DBC,21.7964,175.1593,yahoo_chart_public,VTI,2025-09-30,325.2841,285.1972
2025-09,2025-09-30,EWJ,76.8993,176.6196,yahoo_chart_public,VTI,2025-09-30,325.2841,285.1972
2025-09,2025-09-30,GLD,355.4700,292.9778,yahoo_chart_public,VTI,2025-09-30,325.2841,285.1972
2025-09,2025-09-30,IEF,93.7482,107.2204,yahoo_chart_public,VTI,2025-09-30,325.2841,285.1972
2025-09,2025-09-30,VEA,58.5150,197.5060,yahoo_chart_public,VTI,2025-09-30,325.2841,285.1972
2025-09,2025-09-30,VNQ,88.8521,161.4363,yahoo_chart_public,VTI,2025-09-30,325.2841,285.1972
2025-09,2025-09-30,VTI,325.2841,285.1972,yahoo_chart_public,VTI,2025-09-30,325.2841,285.1972
2025-09,2025-09-30,VWO,53.0724,172.4957,yahoo_chart_public,VTI,2025-09-30,325.2841,285.1972
2025-10,2025-10-31,BIL,89.5130,118.5868,yahoo_chart_public,VTI,2025-10-31,332.4703,291.4978
2025-10,2025-10-31,BND,72.6498,114.0912,yahoo_chart_public,VTI,2025-10-31,332.4703,291.4978
2025-10,2025-10-31,DBC,22.1350,177.8804,yahoo_chart_public,VTI,2025-10-31,332.4703,291.4978
2025-10,2025-10-31,EWJ,80.0055,183.7540,yahoo_chart_public,VTI,2025-10-31,332.4703,291.4978
2025-10,2025-10-31,GLD,368.1200,303.4039,yahoo_chart_public,VTI,2025-10-31,332.4703,291.4978
2025-10,2025-10-31,IEF,94.4150,107.9830,yahoo_chart_public,VTI,2025-10-31,332.4703,291.4978
2025-10,2025-10-31,VEA,59.5501,201.0000,yahoo_chart_public,VTI,2025-10-31,332.4703,291.4978
2025-10,2025-10-31,VNQ,86.6750,157.4808,yahoo_chart_public,VTI,2025-10-31,332.4703,291.4978
2025-10,2025-10-31,VTI,332.4703,291.4978,yahoo_chart_public,VTI,2025-10-31,332.4703,291.4978
2025-10,2025-10-31,VWO,53.8462,175.0109,yahoo_chart_public,VTI,2025-10-31,332.4703,291.4978
2025-11,2025-11-28,BIL,89.7704,118.9279,yahoo_chart_public,VTI,2025-11-28,333.3525,292.2713
2025-11,2025-11-28,BND,73.0838,114.7727,yahoo_chart_public,VTI,2025-11-28,333.3525,292.2713
2025-11,2025-11-28,DBC,22.3092,179.2798,yahoo_chart_public,VTI,2025-11-28,333.3525,292.2713
2025-11,2025-11-28,EWJ,79.5837,182.7851,yahoo_chart_public,VTI,2025-11-28,333.3525,292.2713
2025-11,2025-11-28,GLD,387.8800,319.6901,yahoo_chart_public,VTI,2025-11-28,333.3525,292.2713
2025-11,2025-11-28,IEF,95.3480,109.0501,yahoo_chart_public,VTI,2025-11-28,333.3525,292.2713
2025-11,2025-11-28,VEA,60.1263,202.9447,yahoo_chart_public,VTI,2025-11-28,333.3525,292.2713
2025-11,2025-11-28,VNQ,88.7743,161.2951,yahoo_chart_public,VTI,2025-11-28,333.3525,292.2713
2025-11,2025-11-28,VTI,333.3525,292.2713,yahoo_chart_public,VTI,2025-11-28,333.3525,292.2713
2025-11,2025-11-28,VWO,53.1899,172.8778,yahoo_chart_public,VTI,2025-11-28,333.3525,292.2713
2025-12,2025-12-31,BIL,90.0713,119.3265,yahoo_chart_public,VTI,2025-12-31,333.2643,292.1939
2025-12,2025-12-31,BND,72.8644,114.4282,yahoo_chart_public,VTI,2025-12-31,333.2643,292.1939
2025-12,2025-12-31,DBC,22.3600,179.6884,yahoo_chart_public,VTI,2025-12-31,333.2643,292.1939
2025-12,2025-12-31,EWJ,80.3037,184.4388,yahoo_chart_public,VTI,2025-12-31,333.2643,292.1939
2025-12,2025-12-31,GLD,396.3100,326.6381,yahoo_chart_public,VTI,2025-12-31,333.2643,292.1939
2025-12,2025-12-31,IEF,94.6222,108.2200,yahoo_chart_public,VTI,2025-12-31,333.2643,292.1939
2025-12,2025-12-31,VEA,62.0373,209.3950,yahoo_chart_public,VTI,2025-12-31,333.2643,292.1939
2025-12,2025-12-31,VNQ,86.7891,157.6881,yahoo_chart_public,VTI,2025-12-31,333.2643,292.1939
2025-12,2025-12-31,VTI,333.2643,292.1939,yahoo_chart_public,VTI,2025-12-31,333.2643,292.1939
2025-12,2025-12-31,VWO,53.6962,174.5233,yahoo_chart_public,VTI,2025-12-31,333.2643,292.1939
2026-01,2026-01-30,BIL,90.3375,119.6791,yahoo_chart_public,VTI,2026-01-30,338.5325,296.8130
2026-01,2026-01-30,BND,73.0218,114.6754,yahoo_chart_public,VTI,2026-01-30,338.5325,296.8130
2026-01,2026-01-30,DBC,24.4300,196.3232,yahoo_chart_public,VTI,2026-01-30,338.5325,296.8130
2026-01,2026-01-30,EWJ,85.2568,195.8149,yahoo_chart_public,VTI,2026-01-30,338.5325,296.8130
2026-01,2026-01-30,GLD,444.9500,366.7271,yahoo_chart_public,VTI,2026-01-30,338.5325,296.8130
2026-01,2026-01-30,IEF,94.4057,107.9724,yahoo_chart_public,VTI,2026-01-30,338.5325,296.8130
2026-01,2026-01-30,VEA,65.7415,221.8977,yahoo_chart_public,VTI,2026-01-30,338.5325,296.8130
2026-01,2026-01-30,VNQ,89.0547,161.8045,yahoo_chart_public,VTI,2026-01-30,338.5325,296.8130
2026-01,2026-01-30,VTI,338.5325,296.8130,yahoo_chart_public,VTI,2026-01-30,338.5325,296.8130
2026-01,2026-01-30,VWO,56.4030,183.3209,yahoo_chart_public,VTI,2026-01-30,338.5325,296.8130
2026-02,2026-02-27,BIL,90.5787,119.9986,yahoo_chart_public,VTI,2026-02-27,336.7433,295.2442
2026-02,2026-02-27,BND,74.1914,116.5121,yahoo_chart_public,VTI,2026-02-27,336.7433,295.2442
2026-02,2026-02-27,DBC,25.1000,201.7074,yahoo_chart_public,VTI,2026-02-27,336.7433,295.2442
2026-02,2026-02-27,EWJ,91.8708,211.0058,yahoo_chart_public,VTI,2026-02-27,336.7433,295.2442
2026-02,2026-02-27,GLD,483.7500,398.7060,yahoo_chart_public,VTI,2026-02-27,336.7433,295.2442
2026-02,2026-02-27,IEF,96.7375,110.6393,yahoo_chart_public,VTI,2026-02-27,336.7433,295.2442
2026-02,2026-02-27,VEA,69.7535,235.4395,yahoo_chart_public,VTI,2026-02-27,336.7433,295.2442
2026-02,2026-02-27,VNQ,93.8507,170.5184,yahoo_chart_public,VTI,2026-02-27,336.7433,295.2442
2026-02,2026-02-27,VTI,336.7433,295.2442,yahoo_chart_public,VTI,2026-02-27,336.7433,295.2442
2026-02,2026-02-27,VWO,58.0310,188.6124,yahoo_chart_public,VTI,2026-02-27,336.7433,295.2442
2026-03,2026-03-31,BIL,90.8394,120.3440,yahoo_chart_public,VTI,2026-03-31,319.8898,280.4677
2026-03,2026-03-31,BND,72.9024,114.4879,yahoo_chart_public,VTI,2026-03-31,319.8898,280.4677
2026-03,2026-03-31,DBC,28.9500,232.6466,yahoo_chart_public,VTI,2026-03-31,319.8898,280.4677
2026-03,2026-03-31,EWJ,83.9837,192.8909,yahoo_chart_public,VTI,2026-03-31,319.8898,280.4677
2026-03,2026-03-31,GLD,430.2900,354.6444,yahoo_chart_public,VTI,2026-03-31,319.8898,280.4677
2026-03,2026-03-31,IEF,94.4930,108.0722,yahoo_chart_public,VTI,2026-03-31,319.8898,280.4677
2026-03,2026-03-31,VEA,63.7445,215.1571,yahoo_chart_public,VTI,2026-03-31,319.8898,280.4677
2026-03,2026-03-31,VNQ,87.9250,159.7520,yahoo_chart_public,VTI,2026-03-31,319.8898,280.4677
2026-03,2026-03-31,VTI,319.8898,280.4677,yahoo_chart_public,VTI,2026-03-31,319.8898,280.4677
2026-03,2026-03-31,VWO,53.9858,175.4647,yahoo_chart_public,VTI,2026-03-31,319.8898,280.4677
2026-04,2026-04-30,BIL,91.1018,120.6917,yahoo_chart_public,VTI,2026-04-30,353.1641,309.6414
2026-04,2026-04-30,BND,73.0117,114.6595,yahoo_chart_public,VTI,2026-04-30,353.1641,309.6414
2026-04,2026-04-30,DBC,31.1000,249.9243,yahoo_chart_public,VTI,2026-04-30,353.1641,309.6414
2026-04,2026-04-30,EWJ,88.6185,203.5360,yahoo_chart_public,VTI,2026-04-30,353.1641,309.6414
2026-04,2026-04-30,GLD,423.6600,349.1799,yahoo_chart_public,VTI,2026-04-30,353.1641,309.6414
2026-04,2026-04-30,IEF,94.3509,107.9098,yahoo_chart_public,VTI,2026-04-30,353.1641,309.6414
2026-04,2026-04-30,VEA,68.4398,231.0052,yahoo_chart_public,VTI,2026-04-30,353.1641,309.6414
2026-04,2026-04-30,VNQ,95.4884,173.4939,yahoo_chart_public,VTI,2026-04-30,353.1641,309.6414
2026-04,2026-04-30,VTI,353.1641,309.6414,yahoo_chart_public,VTI,2026-04-30,353.1641,309.6414
2026-04,2026-04-30,VWO,58.8600,191.3069,yahoo_chart_public,VTI,2026-04-30,353.1641,309.6414
2026-05,2026-05-29,BIL,91.3910,121.0748,yahoo_chart_public,VTI,2026-05-29,371.4715,325.6926
2026-05,2026-05-29,BND,73.2130,114.9756,yahoo_chart_public,VTI,2026-05-29,371.4715,325.6926
2026-05,2026-05-29,DBC,29.4800,236.9058,yahoo_chart_public,VTI,2026-05-29,371.4715,325.6926
2026-05,2026-05-29,EWJ,92.4576,212.3536,yahoo_chart_public,VTI,2026-05-29,371.4715,325.6926
2026-05,2026-05-29,GLD,417.1200,343.7897,yahoo_chart_public,VTI,2026-05-29,371.4715,325.6926
2026-05,2026-05-29,IEF,94.3330,107.8893,yahoo_chart_public,VTI,2026-05-29,371.4715,325.6926
2026-05,2026-05-29,VEA,71.3942,240.9773,yahoo_chart_public,VTI,2026-05-29,371.4715,325.6926
2026-05,2026-05-29,VNQ,94.8639,172.3593,yahoo_chart_public,VTI,2026-05-29,371.4715,325.6926
2026-05,2026-05-29,VTI,371.4715,325.6926,yahoo_chart_public,VTI,2026-05-29,371.4715,325.6926
2026-05,2026-05-29,VWO,59.8089,194.3909,yahoo_chart_public,VTI,2026-05-29,371.4715,325.6926
2026-06,2026-06-26,BIL,91.6300,121.3914,yahoo_chart_public,VTI,2026-06-26,362.2200,317.5813
2026-06,2026-06-26,BND,73.6700,115.6933,yahoo_chart_public,VTI,2026-06-26,362.2200,317.5813
2026-06,2026-06-26,DBC,26.5700,213.5206,yahoo_chart_public,VTI,2026-06-26,362.2200,317.5813
2026-06,2026-06-26,EWJ,92.8000,213.1399,yahoo_chart_public,VTI,2026-06-26,362.2200,317.5813
2026-06,2026-06-26,GLD,373.6300,307.9453,yahoo_chart_public,VTI,2026-06-26,362.2200,317.5813
2026-06,2026-06-26,IEF,95.0300,108.6864,yahoo_chart_public,VTI,2026-06-26,362.2200,317.5813
2026-06,2026-06-26,VEA,70.5600,238.1616,yahoo_chart_public,VTI,2026-06-26,362.2200,317.5813
2026-06,2026-06-26,VNQ,98.6700,179.2747,yahoo_chart_public,VTI,2026-06-26,362.2200,317.5813
2026-06,2026-06-26,VTI,362.2200,317.5813,yahoo_chart_public,VTI,2026-06-26,362.2200,317.5813
2026-06,2026-06-26,VWO,58.5800,190.3967,yahoo_chart_public,VTI,2026-06-26,362.2200,317.5813
